{
"type": "FeatureCollection",
"name": "fire",
"crs": { "type": "name", "properties": { "name": "urn:ogc:def:crs:OGC:1.3:CRS84" } },
"features": [
{ "type": "Feature", "properties": { "Id": 0 }, "geometry": { "type": "MultiPolygon", "coordinates": [ [ [ [ -90.64154536555219, 48.09791788834125 ], [ -90.64156786811121, 48.097646172920228 ], [ -90.641169204112245, 48.09763083547027 ], [ -90.641191708149535, 48.097359120404519 ], [ -90.640793046006479, 48.097343781895709 ], [ -90.640815551521982, 48.097072067185479 ], [ -90.640838056848693, 48.096800352750464 ], [ -90.641236715657683, 48.096815691099088 ], [ -90.641635374655507, 48.096831028308785 ], [ -90.642034033842137, 48.096846364379552 ], [ -90.642011533516538, 48.097118079054823 ], [ -90.64241019455892, 48.097133414066711 ], [ -90.642342697450601, 48.097948559984523 ], [ -90.64154536555219, 48.09791788834125 ] ] ], [ [ [ -90.699507708695947, 48.103133960747485 ], [ -90.699529969891572, 48.102862230665622 ], [ -90.699928679836717, 48.102877401549726 ], [ -90.700327389968606, 48.10289257129471 ], [ -90.700305132108127, 48.103164301535053 ], [ -90.700703844094392, 48.103179470220077 ], [ -90.70068158771474, 48.103451200815229 ], [ -90.700659331148344, 48.103722931686036 ], [ -90.700260615826878, 48.10370776284261 ], [ -90.700238357406093, 48.103979493909875 ], [ -90.699839640603827, 48.103964323847975 ], [ -90.698643491317668, 48.103918806827146 ], [ -90.698244775262637, 48.103903632208443 ], [ -90.698267042021484, 48.103631901537462 ], [ -90.698289308593488, 48.10336017114205 ], [ -90.698688021313316, 48.103375345602174 ], [ -90.698710286030888, 48.103103615403207 ], [ -90.699108997270017, 48.103118788644942 ], [ -90.699507708695947, 48.103133960747485 ] ] ], [ [ [ -90.89082278572657, 48.136720947596835 ], [ -90.890865724797379, 48.136177358545716 ], [ -90.890466765820008, 48.136162731795316 ], [ -90.890488236755033, 48.135890937762149 ], [ -90.890887194062401, 48.135905564436008 ], [ -90.890908663147144, 48.135633770603498 ], [ -90.891307618964774, 48.135648396060738 ], [ -90.892105531140672, 48.135677643554509 ], [ -90.892504487498982, 48.135692265591054 ], [ -90.892483025094251, 48.13596405972946 ], [ -90.892881983302715, 48.135978680702358 ], [ -90.892860522387792, 48.13625047519448 ], [ -90.892461562509311, 48.136235854145148 ], [ -90.892418636798809, 48.136779443808202 ], [ -90.89082278572657, 48.136720947596835 ] ] ], [ [ [ -90.883622415381538, 48.146815136549279 ], [ -90.883643918587623, 48.146543332567148 ], [ -90.883244897356363, 48.146528684585348 ], [ -90.883287906567844, 48.145985077607257 ], [ -90.883309410902697, 48.145713274534657 ], [ -90.883330915056973, 48.145441471739638 ], [ -90.883395426436351, 48.144626065020113 ], [ -90.88299641707907, 48.144611416434458 ], [ -90.883039427103299, 48.144067813495838 ], [ -90.883125444984799, 48.14298061094906 ], [ -90.883146949003731, 48.142708811006159 ], [ -90.883168452842114, 48.142437011340704 ], [ -90.883567448836416, 48.142451659313316 ], [ -90.883588950823921, 48.142179859848717 ], [ -90.883987945328514, 48.142194506604312 ], [ -90.884009445465182, 48.141922707340619 ], [ -90.884408438480023, 48.14193735287926 ], [ -90.884429936765841, 48.141665553816296 ], [ -90.884828928290915, 48.14168019813809 ], [ -90.884850424725954, 48.141408399275946 ], [ -90.885249414761219, 48.141423042380794 ], [ -90.885270909345493, 48.14115124371952 ], [ -90.885669897891006, 48.141165885607414 ], [ -90.885691390624544, 48.140894087147004 ], [ -90.88609037768029, 48.140908727818065 ], [ -90.88611186856312, 48.140636929558426 ], [ -90.886510854129085, 48.140651569012576 ], [ -90.88655383201295, 48.140107973172441 ], [ -90.886952814418848, 48.140122611333126 ], [ -90.886995788240597, 48.139579016449424 ], [ -90.887394767486583, 48.139593653316702 ], [ -90.887416252456646, 48.139321856214316 ], [ -90.887815230212851, 48.139336491864704 ], [ -90.887836713332362, 48.139064694963174 ], [ -90.88823568959873, 48.139079329396758 ], [ -90.888634666045533, 48.139093962690112 ], [ -90.888677625062812, 48.138550369412819 ], [ -90.889076598349661, 48.138565001412779 ], [ -90.889098075917644, 48.138293205113634 ], [ -90.889896019692031, 48.138322465539751 ], [ -90.889917493739432, 48.138050669364858 ], [ -90.891114405742982, 48.138094551222636 ], [ -90.891513376771329, 48.138109176228042 ], [ -90.891912347979968, 48.138123800093219 ], [ -90.891890882283178, 48.138395596650632 ], [ -90.892289855342213, 48.138410219452041 ], [ -90.892688828581385, 48.138424841113157 ], [ -90.893087802000835, 48.138439461634064 ], [ -90.893066341134258, 48.138711258698301 ], [ -90.893465316404061, 48.138725878155405 ], [ -90.893422397470658, 48.139269473268826 ], [ -90.893821376261002, 48.139284091738553 ], [ -90.893799918194219, 48.139555889787779 ], [ -90.893778459947271, 48.13982768811443 ], [ -90.893735542912822, 48.140371285599755 ], [ -90.89413452856418, 48.140385903235099 ], [ -90.894113071446924, 48.140657702470364 ], [ -90.894048699014164, 48.14147310184066 ], [ -90.894027241176218, 48.1417449021857 ], [ -90.893628247173467, 48.141730284168055 ], [ -90.893606787485012, 48.142002084714015 ], [ -90.893585327616364, 48.142273885537499 ], [ -90.893186330453091, 48.142259266226496 ], [ -90.893143406834483, 48.142802868552948 ], [ -90.892744406510715, 48.142788247948616 ], [ -90.892722942760699, 48.143060049451613 ], [ -90.892323940946795, 48.143045427630419 ], [ -90.892302475346156, 48.14331722933445 ], [ -90.891903472042145, 48.14330260629638 ], [ -90.891860536959328, 48.143846210384019 ], [ -90.892658550429275, 48.143875455625725 ], [ -90.893057557434631, 48.143890076536046 ], [ -90.893079020054927, 48.143618274123938 ], [ -90.893478025570118, 48.143632893817369 ], [ -90.893499486339778, 48.143361091606366 ], [ -90.893898490364705, 48.14337571008295 ], [ -90.893919949283756, 48.14310390807298 ], [ -90.894318951818533, 48.143118525332703 ], [ -90.894717954533476, 48.143133141452047 ], [ -90.894696498955213, 48.143404943614946 ], [ -90.895095503520679, 48.143419558670374 ], [ -90.895052595164501, 48.143963163981759 ], [ -90.894988231279029, 48.144778574030404 ], [ -90.894966776290218, 48.145050377935185 ], [ -90.894902410242779, 48.145865791314918 ], [ -90.894880954533292, 48.146137596330142 ], [ -90.894481933263037, 48.146122980509986 ], [ -90.894460475702815, 48.146394785726287 ], [ -90.894061452942154, 48.146380168689255 ], [ -90.893662430361687, 48.14636555051176 ], [ -90.893640969280128, 48.14663735585281 ], [ -90.894039993531166, 48.146651974106746 ], [ -90.89401853393997, 48.146923779801959 ], [ -90.892821456715893, 48.146879921389171 ], [ -90.892422431334992, 48.146865299637348 ], [ -90.892400964881247, 48.147137105304218 ], [ -90.89200193801004, 48.147122482335476 ], [ -90.890804858478191, 48.147078606586497 ], [ -90.889607780569278, 48.147034720573515 ], [ -90.888809729531829, 48.147005457529254 ], [ -90.888410704283658, 48.146990824296516 ], [ -90.888432187443144, 48.146719019395107 ], [ -90.888496635839203, 48.145903606356732 ], [ -90.888518118277076, 48.145631802565823 ], [ -90.888539600534571, 48.145359999052587 ], [ -90.888140585489978, 48.145345365138787 ], [ -90.887342555942041, 48.145316093889996 ], [ -90.887278093593864, 48.146131504573447 ], [ -90.886879074079033, 48.146116867008679 ], [ -90.886857584598218, 48.146388671048506 ], [ -90.886458563593322, 48.146374032266706 ], [ -90.886437072261515, 48.146645836507638 ], [ -90.886038049766597, 48.146631196508821 ], [ -90.885995063220463, 48.147174805670225 ], [ -90.885596037564881, 48.147160164377752 ], [ -90.885574542350483, 48.147431969298339 ], [ -90.884776488239709, 48.147402683138949 ], [ -90.884377461455159, 48.147388038348581 ], [ -90.883579408427664, 48.147358745346509 ], [ -90.88360091199489, 48.147086940809032 ], [ -90.883622415381538, 48.146815136549279 ] ] ], [ [ [ -90.716834518544772, 48.228933974395979 ], [ -90.716856750216792, 48.228662111186225 ], [ -90.716457260648809, 48.228646981449806 ], [ -90.716479493808052, 48.228375118600084 ], [ -90.716546192164259, 48.227559531734535 ], [ -90.716945675035817, 48.227574661153305 ], [ -90.717744641339635, 48.22760491656512 ], [ -90.717722413763383, 48.227876778811314 ], [ -90.718121898869711, 48.227891904883734 ], [ -90.718099672780696, 48.228163767489882 ], [ -90.718077446504807, 48.228435630376516 ], [ -90.718476935146214, 48.228450755465801 ], [ -90.718454710357605, 48.228722618712503 ], [ -90.718055220042075, 48.228707493543872 ], [ -90.71803299339247, 48.228979356991822 ], [ -90.71763350158966, 48.228964230601825 ], [ -90.716834518544772, 48.228933974395979 ] ] ], [ [ [ -90.719874922026577, 48.23095802658446 ], [ -90.719897141613089, 48.230686160775022 ], [ -90.719497638830873, 48.230671039618549 ], [ -90.719519859904807, 48.230399174169165 ], [ -90.719919361012799, 48.230414295246206 ], [ -90.719941580225694, 48.230142429998146 ], [ -90.719986018091049, 48.229598700343978 ], [ -90.720385514363159, 48.229613820040939 ], [ -90.720407731341453, 48.229341955555469 ], [ -90.720807226126226, 48.229357074031107 ], [ -90.720829441243538, 48.229085209746927 ], [ -90.721228934540903, 48.229100327001255 ], [ -90.722027921695855, 48.229130558083995 ], [ -90.722005711601057, 48.229402422606178 ], [ -90.722405207132837, 48.229417536513942 ], [ -90.722382998525489, 48.229689401396136 ], [ -90.722782495918196, 48.229704514241256 ], [ -90.722760288798355, 48.229976379483411 ], [ -90.723159788051959, 48.229991491265878 ], [ -90.723115376600603, 48.23053522275093 ], [ -90.723514879389327, 48.230550333550021 ], [ -90.723492675057869, 48.230822199792932 ], [ -90.723448265834875, 48.231365933120813 ], [ -90.723426060943339, 48.231637800205803 ], [ -90.72302655145748, 48.23162268908942 ], [ -90.723004344704933, 48.23189455637587 ], [ -90.722604833731438, 48.231879444038086 ], [ -90.72220532294466, 48.231864330558324 ], [ -90.721805812344627, 48.231849215936542 ], [ -90.721406301931395, 48.231834100172684 ], [ -90.721006791704866, 48.231818983266791 ], [ -90.720607281665139, 48.231803865218978 ], [ -90.720207771812198, 48.231788746029039 ], [ -90.719808262146117, 48.231773625697095 ], [ -90.719408752666808, 48.231758504223166 ], [ -90.719453196122515, 48.231214771359447 ], [ -90.719475417570109, 48.230942905348684 ], [ -90.719874922026577, 48.23095802658446 ] ] ], [ [ [ -90.811027441505615, 48.263558231677905 ], [ -90.811049288905195, 48.263286317329602 ], [ -90.80985011326311, 48.263241727139018 ], [ -90.809050663754206, 48.263211994630893 ], [ -90.809072519351389, 48.262940080955396 ], [ -90.808672796548976, 48.26292521306528 ], [ -90.8078733514958, 48.262895473856332 ], [ -90.807073907178136, 48.262865730076051 ], [ -90.807095770972737, 48.262593817073501 ], [ -90.805496891249661, 48.262534316111456 ], [ -90.804697452491979, 48.262504558773443 ], [ -90.803098577184741, 48.262445030383326 ], [ -90.802299140635441, 48.262415259331256 ], [ -90.802321024360722, 48.26214334754939 ], [ -90.801921308038388, 48.262128460387309 ], [ -90.801121875946052, 48.262098682634829 ], [ -90.79992272918858, 48.262054007434905 ], [ -90.799944622786882, 48.261782096404659 ], [ -90.798745482715475, 48.261737411154208 ], [ -90.797946056922285, 48.261707615273217 ], [ -90.797967958717166, 48.261435704916501 ], [ -90.797568247773043, 48.261420805340094 ], [ -90.796768826437557, 48.261391002758891 ], [ -90.795969405839244, 48.261361195606526 ], [ -90.795991315830562, 48.261089285923447 ], [ -90.79479219134376, 48.261044566858935 ], [ -90.794392483550169, 48.261029658218469 ], [ -90.793593068516103, 48.260999837509338 ], [ -90.79361498837973, 48.26072792857844 ], [ -90.793215282815339, 48.260713016588021 ], [ -90.792415872239786, 48.260683189178913 ], [ -90.791616462402018, 48.260653357198663 ], [ -90.791638390461642, 48.260381448941665 ], [ -90.791238687495465, 48.260366531315796 ], [ -90.790838984713815, 48.26035161254714 ], [ -90.790439282116608, 48.260336692635768 ], [ -90.790417349028786, 48.260608600657555 ], [ -90.789218237316064, 48.260563833831512 ], [ -90.789240175432056, 48.260291926045014 ], [ -90.788041070408312, 48.260247149169359 ], [ -90.787241667982073, 48.260217292205098 ], [ -90.787263614293721, 48.25994538509282 ], [ -90.786064517067032, 48.259900591311208 ], [ -90.785265119839082, 48.259870723076425 ], [ -90.785287074346186, 48.259598816638473 ], [ -90.78488737768528, 48.259583880885479 ], [ -90.784487681209015, 48.259568943989692 ], [ -90.784087984917448, 48.259554005951209 ], [ -90.782888897151153, 48.259509184979272 ], [ -90.782910861529473, 48.259237279294375 ], [ -90.782111473961024, 48.259207393089866 ], [ -90.781711780453932, 48.259192448273517 ], [ -90.781312087131653, 48.259177502314394 ], [ -90.78133405802906, 48.258905597225585 ], [ -90.78093436656755, 48.258890650202304 ], [ -90.780134984199037, 48.258860752727578 ], [ -90.779335602569887, 48.258830850682045 ], [ -90.779357581662154, 48.258558946267975 ], [ -90.777359139204648, 48.258484171549611 ], [ -90.776959451267928, 48.258469213177804 ], [ -90.776981440230756, 48.258197309517236 ], [ -90.77658175415489, 48.258182350081356 ], [ -90.776713694102924, 48.256550934508368 ], [ -90.777513046329418, 48.256580851294132 ], [ -90.777535032321779, 48.256308949527813 ], [ -90.777934707036621, 48.256323906128152 ], [ -90.778334381936332, 48.256338861585768 ], [ -90.779133732290532, 48.256368769073042 ], [ -90.779177690314171, 48.255824965757284 ], [ -90.779577362416944, 48.255839917629785 ], [ -90.779599339475681, 48.255568016315955 ], [ -90.779643293038617, 48.255024214533684 ], [ -90.779665269542804, 48.254752314065243 ], [ -90.779687245862149, 48.254480413878461 ], [ -90.779287582138096, 48.25446546239877 ], [ -90.779309559948302, 48.254193562572404 ], [ -90.778909898084748, 48.25417861002866 ], [ -90.778931877385787, 48.253906710562489 ], [ -90.778532217382789, 48.253891756954701 ], [ -90.778554198174646, 48.253619857848832 ], [ -90.778576178781606, 48.25334795902463 ], [ -90.778598159203696, 48.253076060482201 ], [ -90.778198504412586, 48.253061105967539 ], [ -90.778220486325438, 48.252789207785327 ], [ -90.778242468053406, 48.252517309884759 ], [ -90.777842816798369, 48.25250235438466 ], [ -90.777886783050818, 48.251958559585674 ], [ -90.777487135331853, 48.251943603100152 ], [ -90.777531104195845, 48.251399809584839 ], [ -90.77713146001291, 48.251384852113951 ], [ -90.777153445843084, 48.25111295585733 ], [ -90.777175431488359, 48.250841059882291 ], [ -90.776775790841427, 48.250826101426064 ], [ -90.776819764928234, 48.2502823104779 ], [ -90.776420127817175, 48.250267351036229 ], [ -90.776464104515227, 48.249723561371567 ], [ -90.776064470940042, 48.249708600944615 ], [ -90.776108450249254, 48.24916481256323 ], [ -90.775708820209914, 48.249149851150989 ], [ -90.775730811262534, 48.24887795746119 ], [ -90.775331183083509, 48.248862994985039 ], [ -90.775375167984663, 48.248319208607121 ], [ -90.774975543341384, 48.248304245145668 ], [ -90.77499753718989, 48.248032352457635 ], [ -90.775041524331982, 48.247488567925785 ], [ -90.774641904899738, 48.247473603557715 ], [ -90.774707889251559, 48.246657929106746 ], [ -90.774308275030265, 48.246642963832016 ], [ -90.774330271119524, 48.246371072989795 ], [ -90.774396258277434, 48.245555402151616 ], [ -90.773996650942095, 48.245540436048948 ], [ -90.774062641460802, 48.244724767978902 ], [ -90.773663039336071, 48.244709800969609 ], [ -90.773685037480845, 48.244437912254249 ], [ -90.773285437216273, 48.244422944181196 ], [ -90.772885837136755, 48.24440797496581 ], [ -90.772086637532738, 48.244378033107822 ], [ -90.772108642193146, 48.244106144988308 ], [ -90.771709044343893, 48.244091172424376 ], [ -90.771731050494381, 48.243819284664781 ], [ -90.770931858701289, 48.243789336267042 ], [ -90.770953868016932, 48.243517448946037 ], [ -90.770554274073135, 48.243502473112308 ], [ -90.770154680314477, 48.243487496136176 ], [ -90.770176692795246, 48.243215609253774 ], [ -90.769777100896746, 48.243200631213973 ], [ -90.769799114867496, 48.242928744691561 ], [ -90.76982112865312, 48.242656858450353 ], [ -90.769865155668981, 48.242113086811742 ], [ -90.769465570655839, 48.242098107944209 ], [ -90.769487585561123, 48.241826222625434 ], [ -90.769531614816287, 48.24128245283147 ], [ -90.769553629166182, 48.24101056835633 ], [ -90.769597657310612, 48.240466800249479 ], [ -90.769663698138871, 48.239651150198007 ], [ -90.769264128385558, 48.239636170896169 ], [ -90.768864558817427, 48.239621190452084 ], [ -90.768886575406412, 48.2393493078212 ], [ -90.769286143299652, 48.239364288186607 ], [ -90.769308158028608, 48.239092405758157 ], [ -90.769707724432138, 48.23910738490266 ], [ -90.76972973730112, 48.23883550267665 ], [ -90.770129302214883, 48.238850480600306 ], [ -90.770151313223906, 48.238578598576709 ], [ -90.769751749984991, 48.238563620731803 ], [ -90.769773762483752, 48.238291739067975 ], [ -90.76979577479743, 48.238019857685281 ], [ -90.76939621509328, 48.238004878855392 ], [ -90.769418228896669, 48.23773299783241 ], [ -90.769018671052493, 48.237718017938917 ], [ -90.769040686345562, 48.237446137275654 ], [ -90.76864113036126, 48.237431156318607 ], [ -90.768663147143997, 48.237159276015014 ], [ -90.768263593019597, 48.237144293994433 ], [ -90.768285611291958, 48.236872414050588 ], [ -90.767886059027518, 48.23685743096646 ], [ -90.767908078789475, 48.236585551382269 ], [ -90.767930098366278, 48.236313672079078 ], [ -90.767530549636433, 48.236298688010045 ], [ -90.76755257070279, 48.236026809066622 ], [ -90.767153023832819, 48.236011823934128 ], [ -90.767175046388729, 48.235739945350218 ], [ -90.766775501378632, 48.235724959154254 ], [ -90.766375956553773, 48.235709971816057 ], [ -90.766397982273858, 48.235438093670552 ], [ -90.765598896529028, 48.235408115725001 ], [ -90.765620925413245, 48.235136238017844 ], [ -90.76522138449333, 48.235121247410525 ], [ -90.765265445055348, 48.234577492996465 ], [ -90.765664982625992, 48.234592483446391 ], [ -90.765687010954537, 48.234320606582052 ], [ -90.766086547035769, 48.23433559581111 ], [ -90.766130599787985, 48.233791842767779 ], [ -90.766530132705242, 48.23380683069734 ], [ -90.766640252972024, 48.232447452610998 ], [ -90.76703977770164, 48.232462439004991 ], [ -90.767061799524939, 48.232190564151594 ], [ -90.7671278638839, 48.231374941276449 ], [ -90.767527382100738, 48.23138992621368 ], [ -90.767549401508958, 48.231118052404931 ], [ -90.767593439769982, 48.230574305629737 ], [ -90.767193926576482, 48.230559320928514 ], [ -90.767215947103708, 48.230287448040713 ], [ -90.76723796744578, 48.230015575433704 ], [ -90.767259987602742, 48.229743703107474 ], [ -90.76686047961762, 48.229728717500166 ], [ -90.766460971817622, 48.229713730750838 ], [ -90.766505018273563, 48.229169987255091 ], [ -90.766105514007435, 48.229154999521015 ], [ -90.766127538632006, 48.228883128272976 ], [ -90.766149563071394, 48.228611257305531 ], [ -90.765750062339123, 48.228596268586841 ], [ -90.765772088267653, 48.228324397978795 ], [ -90.765372589394929, 48.228309408196715 ], [ -90.765570829486805, 48.22586258606168 ], [ -90.76597031329139, 48.225877575135655 ], [ -90.766036384966299, 48.225061972572114 ], [ -90.766435863933637, 48.225076960268161 ], [ -90.766457885780824, 48.224805093229492 ], [ -90.766857363259163, 48.224820079704912 ], [ -90.766879383247101, 48.224548212868051 ], [ -90.766901403049914, 48.224276346311719 ], [ -90.767300877365159, 48.224291331487954 ], [ -90.767322895308766, 48.224019465133502 ], [ -90.767722368134969, 48.22403444908916 ], [ -90.767744384219384, 48.223762582936587 ], [ -90.768143855556659, 48.223777565671668 ], [ -90.76816586978191, 48.223505699720945 ], [ -90.76820989767721, 48.222961968661032 ], [ -90.768609364177394, 48.222976950018371 ], [ -90.768653387984401, 48.222433219923012 ], [ -90.769052851321575, 48.222448199981159 ], [ -90.769074861273495, 48.222176335275542 ], [ -90.769474323121656, 48.222191314113239 ], [ -90.769496331214555, 48.221919449609516 ], [ -90.769518339122442, 48.221647585386187 ], [ -90.769540346845304, 48.221375721443309 ], [ -90.769562354383169, 48.221103857780818 ], [ -90.769961809720499, 48.221118835162152 ], [ -90.769983815399414, 48.220846971701455 ], [ -90.770005820893331, 48.22057510852116 ], [ -90.770027826202281, 48.220303245621245 ], [ -90.770049831326219, 48.220031383001668 ], [ -90.770449280152874, 48.220046358926822 ], [ -90.770471283417947, 48.219774496508997 ], [ -90.770870730755632, 48.219789471213758 ], [ -90.770892732161869, 48.219517608997783 ], [ -90.771292178010697, 48.219532582482074 ], [ -90.77169162404445, 48.219547554824615 ], [ -90.771713621918011, 48.219275692731856 ], [ -90.772512511192517, 48.219305633834196 ], [ -90.773311401206641, 48.21933557036926 ], [ -90.773710846491028, 48.219350536924075 ], [ -90.773688856986809, 48.219622399409566 ], [ -90.774088304129862, 48.219637364901018 ], [ -90.774487751457826, 48.219652329250657 ], [ -90.774509737614267, 48.219380466608058 ], [ -90.774909183453161, 48.219395429737354 ], [ -90.774931167750921, 48.219123567296613 ], [ -90.775330612100703, 48.219138529205502 ], [ -90.775730056635325, 48.219153489972591 ], [ -90.775752037400565, 48.218881627655165 ], [ -90.776151480446103, 48.218896587201904 ], [ -90.77655092367641, 48.218911545606787 ], [ -90.77695036709143, 48.218926502869913 ], [ -90.776972342650339, 48.2186546405973 ], [ -90.776994318024521, 48.21838277860504 ], [ -90.776195438074566, 48.218352863250978 ], [ -90.776239394964009, 48.217809140421224 ], [ -90.776638831499, 48.217824098512281 ], [ -90.776660807992798, 48.2175522374393 ], [ -90.77706024303869, 48.217567194309986 ], [ -90.777082217673964, 48.217295333438898 ], [ -90.777104192124511, 48.217023472848055 ], [ -90.777503624007636, 48.217038428419983 ], [ -90.777525596599702, 48.216766568030913 ], [ -90.777925026993771, 48.216781522382632 ], [ -90.778324457572509, 48.216796475592517 ], [ -90.778346426632396, 48.216524615326776 ], [ -90.778745855722036, 48.216539567316467 ], [ -90.778767822923498, 48.216267707252484 ], [ -90.778368395507599, 48.216252755341252 ], [ -90.778390364198145, 48.215980895635937 ], [ -90.777990938640585, 48.215965942661363 ], [ -90.778012908820145, 48.215694083314723 ], [ -90.77761348512098, 48.215679129276865 ], [ -90.777635456789554, 48.215407270288893 ], [ -90.777236034948757, 48.215392315187664 ], [ -90.77683661329273, 48.215377358944764 ], [ -90.776858588123957, 48.215105500393889 ], [ -90.776880562770472, 48.214833642123146 ], [ -90.776481144646411, 48.214818684895363 ], [ -90.776503120781854, 48.21454682698333 ], [ -90.776103704516174, 48.214531868692262 ], [ -90.77614765958009, 48.213988153865479 ], [ -90.775748246846362, 48.213973194589705 ], [ -90.775770225774821, 48.213701337674948 ], [ -90.77579220451851, 48.213429481040365 ], [ -90.775814183077472, 48.21315762468582 ], [ -90.775414775549294, 48.213142664503756 ], [ -90.775436755597042, 48.212870808507802 ], [ -90.775458735460049, 48.2125989527919 ], [ -90.775480715138301, 48.212327097356152 ], [ -90.775502694631797, 48.212055242200357 ], [ -90.775103293982411, 48.212040281190532 ], [ -90.775125274964665, 48.211768426393327 ], [ -90.77472587617352, 48.21175346432026 ], [ -90.774326477567229, 48.211738501105586 ], [ -90.774304493238006, 48.212010355745839 ], [ -90.774238539141621, 48.212825921346813 ], [ -90.77421655407322, 48.213097777107265 ], [ -90.774194568820036, 48.21336963314787 ], [ -90.774593977467461, 48.213384596833507 ], [ -90.774571993703034, 48.213656453232687 ], [ -90.774550009753838, 48.213928309911921 ], [ -90.77452802561983, 48.214200166871343 ], [ -90.774506041301038, 48.214472024110833 ], [ -90.774462072109046, 48.215015739430349 ], [ -90.774418102177862, 48.215559455870483 ], [ -90.774396116935051, 48.215831314510822 ], [ -90.774374131507443, 48.216103173431343 ], [ -90.77433016009779, 48.216646892113076 ], [ -90.773930731366605, 48.216631927485309 ], [ -90.77390874371082, 48.216903787167958 ], [ -90.773509313490678, 48.216888821319941 ], [ -90.773487323976312, 48.217160681204369 ], [ -90.773087892267284, 48.217145714136002 ], [ -90.773065900894309, 48.217417574222061 ], [ -90.772666467696382, 48.217402605933387 ], [ -90.772644474464769, 48.217674466221268 ], [ -90.772245039777999, 48.217659496712216 ], [ -90.77184560527607, 48.21764452606142 ], [ -90.771823608512008, 48.217916386472453 ], [ -90.771424172521208, 48.217901414601265 ], [ -90.771024736715347, 48.217886441588306 ], [ -90.770625301094455, 48.217871467433596 ], [ -90.770647302879851, 48.217599607258272 ], [ -90.769848435540382, 48.217569655680514 ], [ -90.769870440488333, 48.217297795942521 ], [ -90.769471008769884, 48.217282818519536 ], [ -90.76907157723636, 48.217267839954808 ], [ -90.769093585346809, 48.216995980654303 ], [ -90.768694155672023, 48.216981001026333 ], [ -90.768294726182248, 48.216966020256606 ], [ -90.768338748542988, 48.216422302810692 ], [ -90.767939322585718, 48.216407321056344 ], [ -90.768093406735673, 48.214504319371748 ], [ -90.7676939926789, 48.214489337025881 ], [ -90.767760030988498, 48.21367376931336 ], [ -90.767360622137474, 48.213658786061558 ], [ -90.767426663802382, 48.212843221105736 ], [ -90.767027260156979, 48.212828236948098 ], [ -90.767137334265172, 48.211468968015772 ], [ -90.766737939172216, 48.211453983109479 ], [ -90.76675995511215, 48.211182130241752 ], [ -90.766781970867029, 48.21091027765398 ], [ -90.766803986436869, 48.210638425346247 ], [ -90.767203376509585, 48.210653410016697 ], [ -90.767225390220986, 48.210381557910296 ], [ -90.767624778805398, 48.210396541360566 ], [ -90.767668802326398, 48.209852837830468 ], [ -90.768068187749094, 48.209867819981916 ], [ -90.76809019755872, 48.209595968558254 ], [ -90.768888965612319, 48.20962592927917 ], [ -90.768910971890293, 48.209354077978219 ], [ -90.768511589444358, 48.209339098267115 ], [ -90.768555604792027, 48.208795396662261 ], [ -90.768156225877647, 48.208780415966686 ], [ -90.768178234947314, 48.208508565662676 ], [ -90.767379481020129, 48.208478601003961 ], [ -90.767423505297586, 48.207934901549947 ], [ -90.767024131958081, 48.207919917665436 ], [ -90.767002118238608, 48.208191767173851 ], [ -90.765803994310446, 48.208146808434911 ], [ -90.76582601304969, 48.20787495916224 ], [ -90.765027268036008, 48.207844981118932 ], [ -90.76504928993667, 48.207573132283287 ], [ -90.764250549009887, 48.207543149831004 ], [ -90.764272574071882, 48.207271301432449 ], [ -90.762275733360681, 48.207196325717554 ], [ -90.762297766603524, 48.206924477992118 ], [ -90.761499034961645, 48.206894479872581 ], [ -90.76152107136565, 48.206622632584271 ], [ -90.759923616997185, 48.206562622961478 ], [ -90.759945659908567, 48.206290776267643 ], [ -90.759546298452719, 48.206275771086752 ], [ -90.759568342851978, 48.206003924751499 ], [ -90.759168983254526, 48.205988918507842 ], [ -90.759191029141633, 48.205717072531002 ], [ -90.759213074843444, 48.205445226834001 ], [ -90.758813718777546, 48.205430219606214 ], [ -90.758835765967163, 48.205158374267597 ], [ -90.75843641175959, 48.205143365977044 ], [ -90.758480508929068, 48.204599676296532 ], [ -90.758081158252907, 48.204584667021834 ], [ -90.75814730763642, 48.203769134835085 ], [ -90.757747962164657, 48.203754124655063 ], [ -90.757792064173074, 48.203210438086472 ], [ -90.757392722232652, 48.20319542692237 ], [ -90.757436826845705, 48.20265174162995 ], [ -90.757037488436481, 48.202636729481796 ], [ -90.757081595654057, 48.202093045465311 ], [ -90.756682260776003, 48.202078032333219 ], [ -90.756704315779686, 48.201806190823177 ], [ -90.755506317276499, 48.201761144814526 ], [ -90.755528377113478, 48.201489303820253 ], [ -90.754729715717403, 48.201459267598246 ], [ -90.75475177871472, 48.201187427041056 ], [ -90.753953121405971, 48.201157386410884 ], [ -90.753154464839071, 48.201127341215127 ], [ -90.752355809013977, 48.201097291453728 ], [ -90.751956481379693, 48.201082264860894 ], [ -90.75155715393096, 48.201067237126679 ], [ -90.751157826667708, 48.201052208251106 ], [ -90.750758499590006, 48.20103717823411 ], [ -90.749959845991313, 48.201007114775912 ], [ -90.749560519470322, 48.200992081334711 ], [ -90.749538434725991, 48.201263920867625 ], [ -90.749139106717763, 48.201248886206223 ], [ -90.748739778895185, 48.20123385040344 ], [ -90.748761866985177, 48.200962011028146 ], [ -90.747164564242468, 48.200901856718282 ], [ -90.746765239020945, 48.200886815287383 ], [ -90.745966589135065, 48.200856729001359 ], [ -90.745944489335344, 48.201128567824604 ], [ -90.745145836846689, 48.201098476815254 ], [ -90.745123733515598, 48.201370315760265 ], [ -90.744724405877079, 48.201355268464646 ], [ -90.744702300687408, 48.201627107610335 ], [ -90.744680195311958, 48.201898947035652 ], [ -90.74428086451357, 48.201883898440784 ], [ -90.744258757279496, 48.202155738066708 ], [ -90.744214542253971, 48.202699418157493 ], [ -90.744170326485246, 48.203243099366816 ], [ -90.743770987508185, 48.20322804923601 ], [ -90.743748877672203, 48.203499890181121 ], [ -90.744148218322181, 48.20351494039091 ], [ -90.744126109973323, 48.203786781694689 ], [ -90.743726767650401, 48.20377173140605 ], [ -90.743704657442777, 48.204043572910543 ], [ -90.743305313632717, 48.204028521401483 ], [ -90.743261089314061, 48.204572205091679 ], [ -90.742861742343905, 48.204557152283307 ], [ -90.742839628232829, 48.204828994469054 ], [ -90.742440279775579, 48.204813940440296 ], [ -90.742418163805638, 48.20508578282675 ], [ -90.742018813861222, 48.205070727577585 ], [ -90.741996696032388, 48.20534257016476 ], [ -90.741597344600848, 48.205327513695174 ], [ -90.74157522491312, 48.20559935648317 ], [ -90.741175871994486, 48.205584298793156 ], [ -90.741153750447822, 48.205856141781886 ], [ -90.740754396042036, 48.205841082871352 ], [ -90.740732272636365, 48.206112926060989 ], [ -90.740332916743483, 48.206097865929991 ], [ -90.739933561036537, 48.206082804657477 ], [ -90.739911434098829, 48.206354647968851 ], [ -90.739512076904845, 48.20633958547586 ], [ -90.739489948108087, 48.206611428988005 ], [ -90.739090589426979, 48.206596365274557 ], [ -90.739068458771158, 48.206868208987473 ], [ -90.738669098602969, 48.206853144053532 ], [ -90.738646966088055, 48.207124987967134 ], [ -90.738247604432829, 48.207109921812695 ], [ -90.738181200752635, 48.207925454995454 ], [ -90.737781834264041, 48.207910387462398 ], [ -90.73775969765876, 48.208182232337265 ], [ -90.737360329683085, 48.208167163583603 ], [ -90.737338191218583, 48.208439008659312 ], [ -90.736938821755814, 48.208423938685101 ], [ -90.736916681432078, 48.208695783961581 ], [ -90.736517310482284, 48.208680712766828 ], [ -90.73611793971854, 48.208665640430524 ], [ -90.736095795862354, 48.208937485828756 ], [ -90.734897679668407, 48.208892261733453 ], [ -90.734875530606558, 48.209164107174288 ], [ -90.734076784061642, 48.209133951911483 ], [ -90.734054631467231, 48.209405797474083 ], [ -90.733655256800901, 48.209390718051282 ], [ -90.733255882320748, 48.209375637486986 ], [ -90.733278038261531, 48.209103792082537 ], [ -90.732479293206239, 48.209073627687395 ], [ -90.732434974445667, 48.209617318459713 ], [ -90.732390654940119, 48.21016101035142 ], [ -90.731991275999079, 48.210145926125065 ], [ -90.731969114293676, 48.210417772411752 ], [ -90.731946952401998, 48.210689618978208 ], [ -90.731547570300691, 48.21067453345205 ], [ -90.731525406549494, 48.210946380219369 ], [ -90.73145891417812, 48.211761922200957 ], [ -90.731436749681734, 48.212033770088034 ], [ -90.731037359400275, 48.212018683024638 ], [ -90.730993026501935, 48.212562379480502 ], [ -90.730970859773294, 48.212834228128372 ], [ -90.730571464658112, 48.212819139685934 ], [ -90.730549296069782, 48.213090988534724 ], [ -90.730149899467619, 48.213075898871459 ], [ -90.730127729019557, 48.213347747921091 ], [ -90.729728330930328, 48.213332657037085 ], [ -90.72970615862252, 48.213604506287574 ], [ -90.729306759046253, 48.213589414182778 ], [ -90.729262410524711, 48.214133113365499 ], [ -90.729661813447805, 48.214148205628646 ], [ -90.729639640580885, 48.21442005571928 ], [ -90.730039045363782, 48.214435146919953 ], [ -90.730016873983942, 48.214706997369795 ], [ -90.730416280626599, 48.214722087508008 ], [ -90.730438450332983, 48.214450236978955 ], [ -90.730837855488602, 48.214465325896413 ], [ -90.731237260830525, 48.214480413672085 ], [ -90.731259427003693, 48.21420856326484 ], [ -90.731658830858521, 48.214223649819708 ], [ -90.732058234899583, 48.214238735232996 ], [ -90.732457639127006, 48.214253819504556 ], [ -90.732435477974178, 48.21452567014925 ], [ -90.732834884061319, 48.214540753358321 ], [ -90.732812724395686, 48.214812604362166 ], [ -90.733212132342558, 48.21482768650872 ], [ -90.733611540475636, 48.214842767513559 ], [ -90.733589383970696, 48.215114618955766 ], [ -90.733567227279522, 48.215386470678062 ], [ -90.733545070402101, 48.215658322680497 ], [ -90.733145657248528, 48.215643241438315 ], [ -90.733123498511333, 48.215915093641669 ], [ -90.733101339587876, 48.216186946125219 ], [ -90.733079180478157, 48.216458798888858 ], [ -90.733057021182177, 48.216730651932757 ], [ -90.733456441029929, 48.216745733491443 ], [ -90.733434283221257, 48.217017586894514 ], [ -90.733389967045127, 48.217561294541369 ], [ -90.733789392099993, 48.217576375195662 ], [ -90.733767235406162, 48.217848229518481 ], [ -90.733722921459744, 48.218391939004725 ], [ -90.73412235172178, 48.218407018754654 ], [ -90.734100196142876, 48.218678873997291 ], [ -90.734499628264771, 48.218693952684639 ], [ -90.734477474173303, 48.218965808286477 ], [ -90.73527634232326, 48.218995962394111 ], [ -90.735254191392954, 48.219267818434531 ], [ -90.736452500035497, 48.219313041269984 ], [ -90.73643035394015, 48.219584897827943 ], [ -90.736829792200425, 48.219599969901978 ], [ -90.736807647592656, 48.219871826819329 ], [ -90.737207087712832, 48.219886897830641 ], [ -90.737184944592684, 48.220158755107349 ], [ -90.737584386572706, 48.22017382505593 ], [ -90.737562244940179, 48.220445682692024 ], [ -90.73796168878016, 48.22046075157791 ], [ -90.73793954863531, 48.220732609573382 ], [ -90.738338994335209, 48.22074767739651 ], [ -90.738294716834758, 48.22129139438654 ], [ -90.738694166068328, 48.221306461225986 ], [ -90.738672028712784, 48.221578320220686 ], [ -90.738583477429543, 48.222665759002929 ], [ -90.738539200671269, 48.223209480076413 ], [ -90.736142437758758, 48.223119058590989 ], [ -90.736164586274455, 48.222847198388529 ], [ -90.735765128114537, 48.222832124223544 ], [ -90.735787278117925, 48.222560264380633 ], [ -90.735387821818165, 48.222545189152918 ], [ -90.734988365704567, 48.222530112783382 ], [ -90.734944058815984, 48.223073832433215 ], [ -90.73454459954084, 48.223058754763578 ], [ -90.73452244414328, 48.223330614929999 ], [ -90.734122983380473, 48.223315536039379 ], [ -90.733723522803984, 48.223300456006825 ], [ -90.733701363872314, 48.223572316295446 ], [ -90.733679204754367, 48.223844176864411 ], [ -90.733279741016247, 48.223829095531755 ], [ -90.733257580038043, 48.224100956302088 ], [ -90.733235418873534, 48.224372817352872 ], [ -90.734034353231849, 48.224402979192853 ], [ -90.734012195228985, 48.224674840682397 ], [ -90.734411664361588, 48.224689919968633 ], [ -90.734811133680424, 48.224704998113069 ], [ -90.734766823811896, 48.225248722250164 ], [ -90.735166296665028, 48.225263799410897 ], [ -90.735121989399531, 48.225807524828213 ], [ -90.734722513198335, 48.225792447509178 ], [ -90.734700357612169, 48.226064310559437 ], [ -90.734300879923182, 48.226049232019385 ], [ -90.734278722476674, 48.226321095271054 ], [ -90.734678201839728, 48.226336173890303 ], [ -90.734656045881025, 48.226608037501663 ], [ -90.73461173340479, 48.227151765566155 ], [ -90.735011217976421, 48.227166843280827 ], [ -90.735410702734271, 48.227181919853599 ], [ -90.736209672808769, 48.227212069573284 ], [ -90.736187522987763, 48.227483934342928 ], [ -90.736587009978493, 48.227499007568902 ], [ -90.736564861645405, 48.227770872698279 ], [ -90.736520564420644, 48.228314603798715 ], [ -90.736121072407428, 48.228299530335349 ], [ -90.736054620151037, 48.22911512885338 ], [ -90.735655123301441, 48.229100054010623 ], [ -90.735632970502607, 48.229371920665486 ], [ -90.735610817517525, 48.229643787601049 ], [ -90.735588664346196, 48.229915654817255 ], [ -90.73556651098859, 48.230187522314125 ], [ -90.735167007628249, 48.230172446012872 ], [ -90.735144852410102, 48.23044431371131 ], [ -90.734745347561784, 48.230429236188883 ], [ -90.734723190483066, 48.230701104088936 ], [ -90.734323684146702, 48.230686025345392 ], [ -90.733924177996627, 48.230670945459707 ], [ -90.733902017383002, 48.230942813482116 ], [ -90.733502509744952, 48.230927732375335 ], [ -90.733103002293277, 48.230912650126498 ], [ -90.733080838144701, 48.231184518271348 ], [ -90.732681329205008, 48.231169434801295 ], [ -90.732659163195763, 48.23144130314769 ], [ -90.733058673809779, 48.231456386696884 ], [ -90.7334581846101, 48.231471469104065 ], [ -90.733857695596797, 48.231486550369233 ], [ -90.73425720676984, 48.231501630492303 ], [ -90.734656718129187, 48.231516709473325 ], [ -90.734634560305295, 48.231788578496335 ], [ -90.735034073525256, 48.23180365641452 ], [ -90.735011917189425, 48.232075525797306 ], [ -90.735810947537018, 48.232105678365834 ], [ -90.735788794363671, 48.23237754818782 ], [ -90.736188311491262, 48.232392622838134 ], [ -90.736166159806046, 48.232664493019946 ], [ -90.73656567879425, 48.232679566607338 ], [ -90.73654352859721, 48.232951437149154 ], [ -90.736943049446097, 48.232966509673624 ], [ -90.736876602760901, 48.233782123221339 ], [ -90.737276128819389, 48.233797194841046 ], [ -90.737231833447055, 48.23434093876859 ], [ -90.736832304039609, 48.234325866990673 ], [ -90.736655101704727, 48.236500853303582 ], [ -90.73663295057473, 48.236772727856824 ], [ -90.736233406282466, 48.236757654224526 ], [ -90.735833862176506, 48.236742579450002 ], [ -90.735434318256807, 48.236727503533366 ], [ -90.735412161916656, 48.236999378130079 ], [ -90.735012616508627, 48.23698430099212 ], [ -90.734613071286915, 48.236969222711934 ], [ -90.73421352625158, 48.236954143289708 ], [ -90.734191364701232, 48.23722601792992 ], [ -90.733392271840259, 48.237195855500474 ], [ -90.733414436739864, 48.23692398101857 ], [ -90.733014892263569, 48.236908898169808 ], [ -90.733037058651419, 48.236637024048143 ], [ -90.732637516036149, 48.236621940136395 ], [ -90.732659683912217, 48.236350066374833 ], [ -90.730661982004932, 48.236274630080075 ], [ -90.73068415806749, 48.236002756995518 ], [ -90.727487858109328, 48.235882000166868 ], [ -90.727465668650311, 48.236153872617422 ], [ -90.72706613032048, 48.236138772794938 ], [ -90.727043939000296, 48.236410645447158 ], [ -90.726644399182447, 48.236395544403315 ], [ -90.72660001263317, 48.236939290391845 ], [ -90.726200469652767, 48.236924188047276 ], [ -90.726133883405396, 48.237739808899398 ], [ -90.726533431409649, 48.237754911481829 ], [ -90.726444653832246, 48.238842410202366 ], [ -90.726045099129337, 48.238827307302742 ], [ -90.726022902593726, 48.239099182606139 ], [ -90.725623346402756, 48.239084078484964 ], [ -90.725601148005779, 48.239355953990042 ], [ -90.725201590326819, 48.239340848647373 ], [ -90.724802032834504, 48.239325742162507 ], [ -90.724002918409937, 48.239295525766195 ], [ -90.724025123505726, 48.239023650578361 ], [ -90.723625568248266, 48.239008540746269 ], [ -90.723647774832031, 48.238736665918836 ], [ -90.723248221435924, 48.238721555023858 ], [ -90.723270429507636, 48.238449680556876 ], [ -90.722870877972937, 48.238434568599118 ], [ -90.722893087532555, 48.238162694492381 ], [ -90.722093988372791, 48.23813246730905 ], [ -90.72211620109492, 48.237860593642068 ], [ -90.721716653469798, 48.237845478416524 ], [ -90.721317106031478, 48.237830362048811 ], [ -90.720917558780016, 48.237815244538943 ], [ -90.720939776339222, 48.237543371391105 ], [ -90.720540230949126, 48.237528252818457 ], [ -90.720562449996095, 48.237256380030892 ], [ -90.720162906467436, 48.237241260395578 ], [ -90.720185127002168, 48.236969387968365 ], [ -90.719785585334918, 48.236954267270221 ], [ -90.71980780735737, 48.23668239520336 ], [ -90.719008727932618, 48.236652150539541 ], [ -90.719030953117311, 48.236380278912399 ], [ -90.718231877789165, 48.236350029838832 ], [ -90.71825410613603, 48.23607815865148 ], [ -90.717854570426809, 48.236063032480956 ], [ -90.717876800261294, 48.235791161653921 ], [ -90.71789902990885, 48.235519291107714 ], [ -90.717921259369504, 48.235247420842462 ], [ -90.717521728870665, 48.235232293768028 ], [ -90.717588421154517, 48.234416684895692 ], [ -90.717987946630004, 48.23443181173181 ], [ -90.718010175343025, 48.234159942589962 ], [ -90.718409699330977, 48.2341750682046 ], [ -90.718431926182689, 48.233903199264148 ], [ -90.718831448683062, 48.233918323657278 ], [ -90.718853673673493, 48.233646454918258 ], [ -90.718875898477066, 48.233374586460087 ], [ -90.719275417815567, 48.233389709552355 ], [ -90.719297640757873, 48.233117841295595 ], [ -90.719697158608852, 48.233132963166469 ], [ -90.720895713282715, 48.233178321926708 ], [ -90.720873497037914, 48.23345019050101 ], [ -90.721273017310523, 48.233465307883073 ], [ -90.721250802553328, 48.233737176817542 ], [ -90.721650324687076, 48.233752293136909 ], [ -90.721628111417516, 48.234024162431552 ], [ -90.722427159594261, 48.234054391802708 ], [ -90.722826683962765, 48.234069504775157 ], [ -90.723226208517943, 48.23408461660555 ], [ -90.724424783303803, 48.234129945244241 ], [ -90.724380379646618, 48.234673685786767 ], [ -90.724779908297521, 48.234688793207496 ], [ -90.72475770786339, 48.234960663979393 ], [ -90.725157238375445, 48.234975770337343 ], [ -90.725135039429134, 48.235247641469385 ], [ -90.726333637108638, 48.23529295392845 ], [ -90.726355831031455, 48.235021082558482 ], [ -90.726755362290035, 48.23503618434799 ], [ -90.726799746226874, 48.234492442292087 ], [ -90.726821937915403, 48.234220571685405 ], [ -90.726422411680247, 48.23420547013378 ], [ -90.726444604856638, 48.233933599887209 ], [ -90.726045080482507, 48.233918497272789 ], [ -90.726067275146733, 48.233646627386392 ], [ -90.725667752633711, 48.233631523709121 ], [ -90.725689948785714, 48.233359654182877 ], [ -90.725712144751114, 48.233087784937368 ], [ -90.725734340529868, 48.232815915972637 ], [ -90.725334823226618, 48.232800811391208 ], [ -90.725357020493149, 48.232528942786651 ], [ -90.72540141446629, 48.231985206419793 ], [ -90.725445807692921, 48.231441471175913 ], [ -90.725845316624458, 48.231456575360859 ], [ -90.725867511283539, 48.23118470808074 ], [ -90.726267018727341, 48.231199811044412 ], [ -90.726289211525526, 48.230927943965717 ], [ -90.726688717481679, 48.230943045708095 ], [ -90.726733099169749, 48.23039931223434 ], [ -90.72713260196393, 48.230414412676119 ], [ -90.727154790853845, 48.23014254628103 ], [ -90.727554292160335, 48.230157645501585 ], [ -90.727576479189466, 48.229885779307899 ], [ -90.727975979008207, 48.229900877307202 ], [ -90.727998164176569, 48.229629011314906 ], [ -90.72839766250766, 48.229644108093012 ], [ -90.728419845815282, 48.229372242302198 ], [ -90.728819342658653, 48.229387337859031 ], [ -90.728841524105562, 48.229115472269626 ], [ -90.72924101946117, 48.2291305666052 ], [ -90.729263199047395, 48.228858701217199 ], [ -90.72966269291534, 48.228873794331633 ], [ -90.729684870640924, 48.228601929145071 ], [ -90.729707048180032, 48.228330064239152 ], [ -90.729307557660462, 48.228314971283154 ], [ -90.729329736687276, 48.228043106737019 ], [ -90.72935191552763, 48.227771242471498 ], [ -90.729374094181523, 48.227499378486627 ], [ -90.729396272648955, 48.227227514782228 ], [ -90.729795756472015, 48.227242607421367 ], [ -90.729817933078891, 48.2269707439184 ], [ -90.729862285733304, 48.226427017754141 ], [ -90.72906332831819, 48.226396831809268 ], [ -90.729085507713847, 48.226124969306412 ], [ -90.72868603096002, 48.22610987470032 ], [ -90.728730392540015, 48.22556615069459 ], [ -90.728796933511447, 48.224750566789687 ], [ -90.728907831401244, 48.223391265890925 ], [ -90.72893001041983, 48.223119406552399 ], [ -90.728530552266079, 48.223104311675883 ], [ -90.728552732772101, 48.222832452697027 ], [ -90.728153276478722, 48.222817356757879 ], [ -90.728197640279092, 48.222273639799845 ], [ -90.728219821899557, 48.222001781741369 ], [ -90.727820370814158, 48.221986684898013 ], [ -90.727864736843316, 48.221442969780654 ], [ -90.727886919578168, 48.221171112642388 ], [ -90.727487473700691, 48.221156014894952 ], [ -90.727509657922838, 48.220884158116299 ], [ -90.727110213905604, 48.220869059306231 ], [ -90.726311326430704, 48.220838858260755 ], [ -90.725911882973023, 48.220823756025347 ], [ -90.725512439701902, 48.220808652648074 ], [ -90.725490247110898, 48.2210805090305 ], [ -90.725090802352611, 48.221065404432245 ], [ -90.724691357780841, 48.22105029869212 ], [ -90.72466916165574, 48.221322155196397 ], [ -90.72464696534405, 48.221594011980912 ], [ -90.724247517611317, 48.221578904940486 ], [ -90.724225319439213, 48.221850761926135 ], [ -90.724203121080521, 48.222122619192163 ], [ -90.724180922535211, 48.222394476738529 ], [ -90.723781469967705, 48.22237936831845 ], [ -90.723737068969541, 48.222923084093672 ], [ -90.723714868190513, 48.223194942401875 ], [ -90.723692667224853, 48.223466800990472 ], [ -90.723293208148505, 48.223451691111435 ], [ -90.723271005322303, 48.223723549901131 ], [ -90.723248802309442, 48.223995408971305 ], [ -90.723226599109935, 48.224267268321917 ], [ -90.722827135198543, 48.224252157063084 ], [ -90.722782724891658, 48.224795876446976 ], [ -90.72198379093318, 48.224765650186569 ], [ -90.721939373183744, 48.225309370375065 ], [ -90.721539903136616, 48.225294255373448 ], [ -90.721517692307856, 48.225566115809066 ], [ -90.721118220773477, 48.225550999586162 ], [ -90.72109600808399, 48.225822860223012 ], [ -90.720696535062359, 48.22580774277889 ], [ -90.720674320512131, 48.226079603616874 ], [ -90.719875371681212, 48.226049365144313 ], [ -90.719853153596191, 48.226321226104048 ], [ -90.719054202164401, 48.226290982905205 ], [ -90.718654726728687, 48.226275859592874 ], [ -90.717855776417807, 48.226245609542637 ], [ -90.717878002872837, 48.225973748979754 ], [ -90.71707905665744, 48.225943494520685 ], [ -90.716679583830043, 48.225928365578348 ], [ -90.716724046223419, 48.225384645770376 ], [ -90.716746277139748, 48.225112786287113 ], [ -90.716346809521141, 48.2250976564411 ], [ -90.716369041924523, 48.224825797317692 ], [ -90.715969576166785, 48.224810666409191 ], [ -90.71599181005719, 48.224538807645729 ], [ -90.71559234616025, 48.224523675674753 ], [ -90.714793418927215, 48.224493408307339 ], [ -90.714393955591106, 48.224478272910815 ], [ -90.714371715005058, 48.224750131356693 ], [ -90.714349474232023, 48.225021990082944 ], [ -90.713950007735065, 48.225006853385771 ], [ -90.713927765101118, 48.225278712312985 ], [ -90.713528297117207, 48.225263574394475 ], [ -90.713506052622321, 48.225535433522786 ], [ -90.713483807940435, 48.225807292931634 ], [ -90.713461563071533, 48.226079152620898 ], [ -90.713062090252791, 48.226064013322116 ], [ -90.712995349501995, 48.226879593834745 ], [ -90.712595871848237, 48.22686445315567 ], [ -90.712573622883227, 48.227136313808096 ], [ -90.712529124392006, 48.22768003595462 ], [ -90.712129641903203, 48.22766489389528 ], [ -90.711730159601515, 48.227649750693992 ], [ -90.711330677486842, 48.227634606350819 ], [ -90.710931195559283, 48.227619460865732 ], [ -90.710908939336846, 48.227891322041849 ], [ -90.709710489654768, 48.227845878496581 ], [ -90.709732750899377, 48.227574017558922 ], [ -90.709333269720346, 48.227558867506161 ], [ -90.709355532451823, 48.227287006928563 ], [ -90.708956053133988, 48.227271855813441 ], [ -90.708978317352333, 48.226999995595925 ], [ -90.708179362626311, 48.226969690099004 ], [ -90.708157095059946, 48.227241550157451 ], [ -90.707757616303695, 48.227226395616619 ], [ -90.707735346876078, 48.227498255876085 ], [ -90.704938989107305, 48.227392141560031 ], [ -90.704916707774274, 48.227664001543104 ], [ -90.704117746749432, 48.227633672730846 ], [ -90.70371826651801, 48.227618506611812 ], [ -90.703318786473943, 48.227603339350892 ], [ -90.702919306617318, 48.227588170948117 ], [ -90.70251982694802, 48.227573001403421 ], [ -90.702120347466149, 48.227557830716805 ], [ -90.702142640517295, 48.227285971290996 ], [ -90.701743162896847, 48.22727079954219 ], [ -90.701720868171705, 48.227542658888318 ], [ -90.701321389064731, 48.227527485917896 ], [ -90.700921910145155, 48.227512311805611 ], [ -90.700899611884552, 48.227784171273022 ], [ -90.700100651259802, 48.227753819463445 ], [ -90.69970117122871, 48.227738641845818 ], [ -90.699301691385074, 48.227723463086278 ], [ -90.698902211728949, 48.227708283184832 ], [ -90.698879904910783, 48.227980142534449 ], [ -90.698480423768245, 48.227964961411466 ], [ -90.698080942813192, 48.227949779146549 ], [ -90.698058632459436, 48.228221638617448 ], [ -90.697659150017941, 48.228206455130874 ], [ -90.69725966776403, 48.228191270502521 ], [ -90.697237353874613, 48.228463130094489 ], [ -90.696837870134331, 48.228447944244479 ], [ -90.696438386581576, 48.228432757252534 ], [ -90.696038903216476, 48.228417569118697 ], [ -90.696128177736654, 48.227330133390595 ], [ -90.696527654405728, 48.227345321205576 ], [ -90.696549970892718, 48.227073462895142 ], [ -90.696572287192097, 48.226801604865166 ], [ -90.696172813870945, 48.22678641720961 ], [ -90.696195131656637, 48.226514559539922 ], [ -90.696217449254718, 48.226242702150707 ], [ -90.695817979469069, 48.226227513512804 ], [ -90.695840298553435, 48.225955656483741 ], [ -90.69544083062938, 48.225940466783648 ], [ -90.695463151200016, 48.225668610114766 ], [ -90.695063685137441, 48.225653419352518 ], [ -90.69508600719432, 48.225381563043875 ], [ -90.694686542993296, 48.225366371219479 ], [ -90.694708866536359, 48.225094515271039 ], [ -90.694309404196915, 48.225079322384573 ], [ -90.693909942045096, 48.225064128356287 ], [ -90.693932268748199, 48.224792272847672 ], [ -90.693532808457917, 48.224777077757359 ], [ -90.693555136647163, 48.224505222608876 ], [ -90.693155678218432, 48.224490026456458 ], [ -90.693178007893763, 48.224218171668191 ], [ -90.692778551326612, 48.224202974453675 ], [ -90.692800882488029, 48.223931120025512 ], [ -90.692401427782357, 48.22391592174899 ], [ -90.692423760429818, 48.223644067680986 ], [ -90.692024307585655, 48.22362886834236 ], [ -90.692046641719145, 48.223357014634509 ], [ -90.69164719073656, 48.223341814233891 ], [ -90.691669526356037, 48.223069960886157 ], [ -90.691270077234918, 48.223054759423498 ], [ -90.691292414340367, 48.222782906435903 ], [ -90.690892967080742, 48.222767703911252 ], [ -90.690915305672135, 48.222495851283767 ], [ -90.690515860274004, 48.222480647697097 ], [ -90.690538200351313, 48.22220879542968 ], [ -90.690138756814747, 48.22219359078106 ], [ -90.690161098377942, 48.221921738873746 ], [ -90.690183439753298, 48.221649887246684 ], [ -90.690250462752601, 48.220834334047353 ], [ -90.69064989792092, 48.220849538297081 ], [ -90.690694575634225, 48.22030583740586 ], [ -90.691094007643159, 48.220321040354285 ], [ -90.69149343983986, 48.220336242161004 ], [ -90.691515775067657, 48.220064391976258 ], [ -90.692314636677054, 48.220094792005035 ], [ -90.692336968369958, 48.21982294194094 ], [ -90.692736397782696, 48.219838140162999 ], [ -90.692758727614304, 48.219566290299397 ], [ -90.693158155541184, 48.219581487300026 ], [ -90.693557583655704, 48.219596683158926 ], [ -90.69357990995249, 48.219324833416053 ], [ -90.693979336581165, 48.219340028053502 ], [ -90.694001661016742, 48.219068178511165 ], [ -90.694800511489973, 48.219098564201531 ], [ -90.694845153104026, 48.218554865638509 ], [ -90.694889793967533, 48.218011168196178 ], [ -90.694490375331171, 48.217995976240672 ], [ -90.694512697154991, 48.217724128019384 ], [ -90.694113280379739, 48.217708935001923 ], [ -90.694157926811371, 48.21716523955935 ], [ -90.693758513570685, 48.217150045559599 ], [ -90.693780838178469, 48.216878198338144 ], [ -90.693381426798922, 48.216863003276536 ], [ -90.692982015606972, 48.216847807073201 ], [ -90.693004343373957, 48.216575960291337 ], [ -90.692604934043104, 48.216560763026166 ], [ -90.692627263295805, 48.216288916604064 ], [ -90.691429041449723, 48.216243318197883 ], [ -90.691406707176839, 48.21651516438066 ], [ -90.691007298596858, 48.216499962548909 ], [ -90.691029634543128, 48.216228116445826 ], [ -90.690630227824329, 48.216212913552155 ], [ -90.690230821293241, 48.216197709516941 ], [ -90.690253160398512, 48.215925863853379 ], [ -90.689054946952098, 48.215880245137107 ], [ -90.688655542845552, 48.215865036615142 ], [ -90.688677888456468, 48.215593191550823 ], [ -90.688278486211104, 48.215577981967002 ], [ -90.688300833307522, 48.215306137262445 ], [ -90.687901432923383, 48.215290926616817 ], [ -90.687923781505276, 48.215019082272164 ], [ -90.68712498464707, 48.214988657715701 ], [ -90.68714733638771, 48.21471681381059 ], [ -90.686747939913715, 48.214701599899769 ], [ -90.686348543627659, 48.214686384847319 ], [ -90.686370898526988, 48.21441454138197 ], [ -90.685572109865035, 48.214384108012005 ], [ -90.685594467922996, 48.21411226498617 ], [ -90.684396291359377, 48.214066606608881 ], [ -90.683198116487475, 48.214020937957493 ], [ -90.683175748390013, 48.214292780504195 ], [ -90.682776355468789, 48.214277555257404 ], [ -90.682753985510061, 48.214549398004216 ], [ -90.682731615363295, 48.21482124103099 ], [ -90.683131011631062, 48.214836466437582 ], [ -90.683108642969543, 48.215108309824224 ], [ -90.683086274120015, 48.215380153490912 ], [ -90.683063905082477, 48.215651997437632 ], [ -90.683041535856901, 48.215923841664406 ], [ -90.683440939005905, 48.215939066248858 ], [ -90.683418571265648, 48.2162109108355 ], [ -90.683019166443302, 48.216195686171183 ], [ -90.682974427052017, 48.216739376025025 ], [ -90.683373835221104, 48.216754600849065 ], [ -90.68335146691679, 48.217026446275923 ], [ -90.683329098424466, 48.2172982919829 ], [ -90.683306729744118, 48.217570137969986 ], [ -90.68370614312137, 48.217585361891992 ], [ -90.683683775926426, 48.217857208239124 ], [ -90.68363904097248, 48.218400901773592 ], [ -90.684038459558124, 48.218416124793556 ], [ -90.683993727199066, 48.218959819608436 ], [ -90.683971360737516, 48.219231667436077 ], [ -90.683571937131404, 48.219216444176496 ], [ -90.683549568808331, 48.219488292204446 ], [ -90.68352720029722, 48.219760140512633 ], [ -90.683127773532135, 48.21974491595153 ], [ -90.683105403159459, 48.220016764460006 ], [ -90.683083032598731, 48.220288613248684 ], [ -90.682683602674558, 48.220273387386229 ], [ -90.682661230252222, 48.220545236375251 ], [ -90.682261798842532, 48.220530009291082 ], [ -90.681862367620937, 48.220514781065233 ], [ -90.681839991663381, 48.2207866301747 ], [ -90.681440558956339, 48.220771400727251 ], [ -90.681418181137104, 48.22104325003702 ], [ -90.681018746944559, 48.221028019367893 ], [ -90.680996367263589, 48.221299868878049 ], [ -90.680596931585555, 48.221284636987278 ], [ -90.680197496095673, 48.221269403954835 ], [ -90.68021987912384, 48.220997554604551 ], [ -90.679421012055798, 48.220967085274346 ], [ -90.679443398242938, 48.220695236364229 ], [ -90.679043966664736, 48.220680000066508 ], [ -90.678644535274785, 48.220664762627123 ], [ -90.678666924620885, 48.220392914157102 ], [ -90.678267495092641, 48.220377675655904 ], [ -90.678312276567269, 48.219833979716434 ], [ -90.677912850574316, 48.219818740233428 ], [ -90.677935242702802, 48.21954689276405 ], [ -90.677980026395133, 48.219003198665625 ], [ -90.67837944736759, 48.219018437908709 ], [ -90.678401837257965, 48.218746591199782 ], [ -90.67880125674516, 48.218761829221265 ], [ -90.678868420266681, 48.217946290535551 ], [ -90.678957968994126, 48.216858909542914 ], [ -90.679357376955551, 48.216874145863137 ], [ -90.679379761993616, 48.216602301235291 ], [ -90.679779168469878, 48.216617536333978 ], [ -90.67980155164642, 48.21634569190627 ], [ -90.680999767183934, 48.216391390112847 ], [ -90.681044522932609, 48.215847701618046 ], [ -90.681066900524783, 48.215575857790775 ], [ -90.681089277928876, 48.215304014243408 ], [ -90.681111655144875, 48.215032170976173 ], [ -90.679913464707042, 48.214986473968295 ], [ -90.679935846754759, 48.214714631220794 ], [ -90.678338268831268, 48.214653686214469 ], [ -90.678383045748262, 48.21411000219873 ], [ -90.678782436600429, 48.214125240002758 ], [ -90.678916752796084, 48.212494194195031 ], [ -90.678939138170136, 48.21222235420678 ], [ -90.679006293163454, 48.21140683592138 ], [ -90.679073446463477, 48.210591320154776 ], [ -90.679095830520538, 48.210319482125577 ], [ -90.678696463092137, 48.210304245440426 ], [ -90.678718848634105, 48.210032407770939 ], [ -90.678741233987907, 48.209760570381256 ], [ -90.678341870093689, 48.209745332714562 ], [ -90.67836425693234, 48.209473495684577 ], [ -90.677964894899304, 48.209458256956268 ], [ -90.677987283222791, 48.209186420286009 ], [ -90.677587923050851, 48.20917118049617 ], [ -90.677655091911163, 48.208355672403847 ], [ -90.677699870210489, 48.207812001740926 ], [ -90.677744647757152, 48.207268332197003 ], [ -90.678143996218694, 48.207283571427318 ], [ -90.678188769666988, 48.206739902842294 ], [ -90.677390079623507, 48.206709423559836 ], [ -90.677367689647738, 48.206981257552641 ], [ -90.676968343235416, 48.206966016119345 ], [ -90.676990734884029, 48.206694182206455 ], [ -90.676591390332774, 48.206678939711757 ], [ -90.676658569167955, 48.205863439890784 ], [ -90.677057908700775, 48.20587868214573 ], [ -90.677080299596653, 48.205606849351476 ], [ -90.677479637644922, 48.205622090385091 ], [ -90.677502026679861, 48.205350257790464 ], [ -90.677901363243492, 48.205365497602855 ], [ -90.67830069999529, 48.205380736273824 ], [ -90.678323085496544, 48.205108903799058 ], [ -90.678722420763663, 48.205124141248724 ], [ -90.679121756218933, 48.20513937755706 ], [ -90.679144138186558, 48.204867545202056 ], [ -90.67916651996606, 48.204595713126729 ], [ -90.679565852263948, 48.204610948133926 ], [ -90.679588232182653, 48.204339116258204 ], [ -90.679188901557495, 48.204323881330922 ], [ -90.679211282960821, 48.204052049814756 ], [ -90.67801329723217, 48.204006338424449 ], [ -90.678080455367748, 48.203190846272278 ], [ -90.678479778737838, 48.20320608430405 ], [ -90.678502162734105, 48.202934254065838 ], [ -90.678524546542292, 48.20266242410721 ], [ -90.678923866755142, 48.202677660837807 ], [ -90.678968630461924, 48.202134001599198 ], [ -90.679367947517676, 48.202149237028699 ], [ -90.679412707126914, 48.201605578748328 ], [ -90.679812021025555, 48.201620812876847 ], [ -90.679834398875485, 48.201348984075999 ], [ -90.680233711289603, 48.201364216983308 ], [ -90.68025608727892, 48.201092388382023 ], [ -90.680655398208472, 48.201107620068214 ], [ -90.680677772337205, 48.200835791666613 ], [ -90.680700146277914, 48.200563963544404 ], [ -90.681099454050425, 48.20057919392957 ], [ -90.681121826130592, 48.200307366006967 ], [ -90.68271905241042, 48.200368275815613 ], [ -90.682741417612505, 48.200096447853035 ], [ -90.683140722979871, 48.200111672372252 ], [ -90.683185449475204, 48.199568017125827 ], [ -90.682386845618467, 48.199537567265466 ], [ -90.682409211929212, 48.199265740220952 ], [ -90.68161061216928, 48.199235285955297 ], [ -90.68163298163698, 48.198963459349919 ], [ -90.681233683711426, 48.198948230585053 ], [ -90.681256054663592, 48.198676404338833 ], [ -90.681655350916714, 48.198691633023813 ], [ -90.681722457628084, 48.197876155721787 ], [ -90.682121749051888, 48.197891383026047 ], [ -90.682144115907334, 48.197619557737539 ], [ -90.682166482574843, 48.197347732728353 ], [ -90.681767194495833, 48.197332505583717 ], [ -90.681856665975758, 48.19624520865932 ], [ -90.682255947365405, 48.19626043548466 ], [ -90.682278313093192, 48.195988611871933 ], [ -90.682300678633041, 48.195716788538455 ], [ -90.682345409148937, 48.195173142709223 ], [ -90.682744684037417, 48.195188368074135 ], [ -90.682789410457104, 48.194644723202245 ], [ -90.682390138913107, 48.194629497996907 ], [ -90.682412503513291, 48.19435767605956 ], [ -90.682013233829494, 48.194342449792885 ], [ -90.682035599913988, 48.19407062821454 ], [ -90.681636332090278, 48.194055400886597 ], [ -90.681681067039804, 48.193511758727091 ], [ -90.68128180274843, 48.19349653041759 ], [ -90.681393645193964, 48.192137430302928 ], [ -90.681792901124666, 48.192152658213367 ], [ -90.681837633443067, 48.191609019961611 ], [ -90.682236886217552, 48.191624246571301 ], [ -90.682259250422788, 48.191352427784295 ], [ -90.68265850171305, 48.191367653173096 ], [ -90.682680864058327, 48.191095834585354 ], [ -90.682747949966796, 48.190280380496503 ], [ -90.682348705364674, 48.190265155426843 ], [ -90.682371068630374, 48.189993338035116 ], [ -90.681971825888098, 48.189978111904267 ], [ -90.682106011568237, 48.188347213891461 ], [ -90.682505244278829, 48.188362439543582 ], [ -90.682527606229286, 48.188090624104809 ], [ -90.682926837455796, 48.188105848536125 ], [ -90.682949197546492, 48.187834033296483 ], [ -90.684146887337675, 48.187879699505118 ], [ -90.684169242224854, 48.187607884305052 ], [ -90.684568470858991, 48.187623104012893 ], [ -90.684590823886481, 48.187351289012021 ], [ -90.684613176726174, 48.18707947429008 ], [ -90.685012402204421, 48.187094692697393 ], [ -90.685034753184468, 48.186822878174574 ], [ -90.684635529378056, 48.186807659846984 ], [ -90.684657881842142, 48.186535845682883 ], [ -90.68425865989542, 48.186520626294119 ], [ -90.684281013843517, 48.186248812488579 ], [ -90.683482573857034, 48.186218370447598 ], [ -90.683083354145538, 48.186203147715673 ], [ -90.683105712921218, 48.185931334428346 ], [ -90.68315042990902, 48.185387708690236 ], [ -90.682751215400756, 48.185372485056618 ], [ -90.682930089211965, 48.183197993894971 ], [ -90.683329290346634, 48.183213216890486 ], [ -90.683575203820752, 48.1802233197945 ], [ -90.683176021073336, 48.180208097676314 ], [ -90.683243089454933, 48.17939267728687 ], [ -90.683265445206501, 48.179120871047587 ], [ -90.684063797517496, 48.179151313505166 ], [ -90.684086149738405, 48.178879507385012 ], [ -90.68448532450418, 48.178894726822925 ], [ -90.684884499457681, 48.178909945119969 ], [ -90.684906848148003, 48.178638139118938 ], [ -90.685306021617777, 48.178653356195511 ], [ -90.685328368448936, 48.17838155039334 ], [ -90.684929196650558, 48.178366333396497 ], [ -90.684951544965372, 48.178094527952638 ], [ -90.684973893092462, 48.17782272278729 ], [ -90.684574724824529, 48.177807504809103 ], [ -90.684619423858194, 48.177263895473445 ], [ -90.684641773093418, 48.176992091223482 ], [ -90.685040936347278, 48.177007308962537 ], [ -90.685063283723437, 48.176735504911314 ], [ -90.685462445493641, 48.176750721429897 ], [ -90.685507136340135, 48.176207114003553 ], [ -90.685529481481836, 48.17593531070812 ], [ -90.685928638425906, 48.175950525846844 ], [ -90.685950981708615, 48.175678722750185 ], [ -90.686350137169114, 48.175693936668452 ], [ -90.686372478592887, 48.17542213377056 ], [ -90.686771632569801, 48.175437346468463 ], [ -90.686793972134623, 48.175165543769403 ], [ -90.687193124627896, 48.175180755246885 ], [ -90.687991430177462, 48.175211174779683 ], [ -90.688789736477432, 48.175241589749646 ], [ -90.689188889908834, 48.175256795523474 ], [ -90.68958804352782, 48.175272000156596 ], [ -90.689987197334304, 48.175287203648985 ], [ -90.690009523341516, 48.175015400591121 ], [ -90.690054174793303, 48.174471795310637 ], [ -90.690076500237879, 48.174199993088038 ], [ -90.68927820618228, 48.174169585599557 ], [ -90.689345191417928, 48.173354181079937 ], [ -90.689744333338439, 48.173369385155603 ], [ -90.689766659704048, 48.173097584126211 ], [ -90.689367519454706, 48.173082380130111 ], [ -90.689389847303914, 48.172810579458677 ], [ -90.688990708913238, 48.172795374401538 ], [ -90.688591570710159, 48.172780168203765 ], [ -90.688192432694692, 48.172764960865265 ], [ -90.688170099832078, 48.173036761297809 ], [ -90.687770960333026, 48.173021552738994 ], [ -90.687371821021586, 48.173006343039539 ], [ -90.686972681897814, 48.172991132199385 ], [ -90.686573542961639, 48.172975920218505 ], [ -90.686174404213119, 48.172960707097026 ], [ -90.68619674543136, 48.172688907062813 ], [ -90.685398471839619, 48.17265847755715 ], [ -90.685443160397497, 48.172114878642532 ], [ -90.685044027225317, 48.172099662338084 ], [ -90.6850663728938, 48.171827863377963 ], [ -90.684667241580399, 48.171812646012576 ], [ -90.684734282472789, 48.170997251041001 ], [ -90.684335156360206, 48.17098203277402 ], [ -90.684402200576216, 48.170166640546043 ], [ -90.684003079664407, 48.170151421377497 ], [ -90.684025429031948, 48.169879624604384 ], [ -90.684047778211777, 48.169607828109427 ], [ -90.683648660829547, 48.169592607959764 ], [ -90.683693361967897, 48.169049015963971 ], [ -90.683715712255463, 48.168777220383419 ], [ -90.683316600073724, 48.168761999332197 ], [ -90.683361303427461, 48.168218409164979 ], [ -90.68338365482272, 48.167946614498618 ], [ -90.682984547841414, 48.167931392545967 ], [ -90.683051605913292, 48.167116010454855 ], [ -90.683073958228434, 48.166844216980756 ], [ -90.683473058526431, 48.16685943861453 ], [ -90.683517759251913, 48.166315852341199 ], [ -90.683562459226508, 48.165772267180202 ], [ -90.683961553029178, 48.165787487354791 ], [ -90.684006248911459, 48.165243903146681 ], [ -90.684028596571039, 48.164972111459747 ], [ -90.684050944042923, 48.16470032005077 ], [ -90.684095638423628, 48.16415673806695 ], [ -90.684494722389758, 48.164171956622873 ], [ -90.684539412678404, 48.163628375591692 ], [ -90.684561757541218, 48.163356585493155 ], [ -90.684960836683047, 48.163371802669573 ], [ -90.684983179687563, 48.163100012769299 ], [ -90.685027865133677, 48.162556433802628 ], [ -90.684628791003675, 48.162541216865172 ], [ -90.684651135115828, 48.1622694278784 ], [ -90.684252062843996, 48.162254209880182 ], [ -90.684274408439052, 48.16198242125094 ], [ -90.683875338025473, 48.161967202192017 ], [ -90.683897685103403, 48.161695413920377 ], [ -90.683920031993651, 48.161423625926716 ], [ -90.684319099066172, 48.161438844826385 ], [ -90.684341444098237, 48.161167057030944 ], [ -90.684740509687899, 48.161182274710555 ], [ -90.684762852861795, 48.160910487113306 ], [ -90.685560981262981, 48.160940918891889 ], [ -90.685960045745034, 48.160956133070556 ], [ -90.685982383719804, 48.160684345512244 ], [ -90.686381446718954, 48.160699558470917 ], [ -90.686403782835626, 48.160427771110825 ], [ -90.686426118764714, 48.160155984028634 ], [ -90.686448454506206, 48.159884197224279 ], [ -90.686470790060127, 48.159612410697811 ], [ -90.686869846564946, 48.15962762219754 ], [ -90.686892180260855, 48.159355835869228 ], [ -90.687291235282871, 48.159371046148955 ], [ -90.687313567120782, 48.159099260018841 ], [ -90.687335898771153, 48.158827474166507 ], [ -90.687358230233997, 48.158555688592045 ], [ -90.687757280432322, 48.15857089749251 ], [ -90.687824268684466, 48.157755542196909 ], [ -90.687425223497257, 48.15774033353523 ], [ -90.687447554209939, 48.157468549071858 ], [ -90.687048510880572, 48.157453339349438 ], [ -90.687093175083987, 48.156909771415016 ], [ -90.686694135282863, 48.156894560711493 ], [ -90.686783468120282, 48.155807428493723 ], [ -90.686384435187733, 48.155792216968386 ], [ -90.686406769598463, 48.155520434687766 ], [ -90.686007738523728, 48.155505222101702 ], [ -90.686030074417104, 48.155233440178364 ], [ -90.684433958674887, 48.155172578749699 ], [ -90.684456301061488, 48.154900797422528 ], [ -90.684057274265186, 48.154885579294309 ], [ -90.684079618134362, 48.154613798324448 ], [ -90.682882543881718, 48.154568137337002 ], [ -90.682949589394738, 48.153752796810103 ], [ -90.682550570029676, 48.153737574439376 ], [ -90.682595269440228, 48.153194015635371 ], [ -90.680999207217567, 48.153133115387575 ], [ -90.680976850925745, 48.153404894332077 ], [ -90.680577834169284, 48.153389666339841 ], [ -90.680178817600563, 48.153374437207432 ], [ -90.680156457780811, 48.153646216270097 ], [ -90.679757439729812, 48.153630985917736 ], [ -90.679358421866539, 48.153615754425026 ], [ -90.679380785026495, 48.153343975521786 ], [ -90.678582753203528, 48.153313509275165 ], [ -90.678605119515836, 48.153041730808916 ], [ -90.677807091784345, 48.153011260160859 ], [ -90.677874199614664, 48.152195926905698 ], [ -90.677475191040784, 48.152180690110534 ], [ -90.677497561611887, 48.151908912993619 ], [ -90.67709855489592, 48.151893675138005 ], [ -90.677120926949172, 48.151621898378288 ], [ -90.676721922091005, 48.151606659462196 ], [ -90.676744295626378, 48.151334883059768 ], [ -90.675946289813652, 48.15130440196657 ], [ -90.675991043000607, 48.150760850313084 ], [ -90.676390042473116, 48.150776091270259 ], [ -90.676501913802852, 48.149417216593271 ], [ -90.676900905113698, 48.14943245601161 ], [ -90.676968020647507, 48.148617134295222 ], [ -90.67656903434623, 48.148601895116087 ], [ -90.676636153198828, 48.147786576135317 ], [ -90.676237172094844, 48.147771336055271 ], [ -90.676304294266046, 48.146956019809842 ], [ -90.67590531835927, 48.146940778828927 ], [ -90.675950068873561, 48.146397236211278 ], [ -90.675551096494061, 48.146381994249772 ], [ -90.67557347313911, 48.146110223436629 ], [ -90.674775532283206, 48.146079736252879 ], [ -90.67479791207974, 48.1458079658766 ], [ -90.673999975314885, 48.145777474292039 ], [ -90.67402235826286, 48.145505704352487 ], [ -90.673224425589098, 48.14547520836728 ], [ -90.673246811688443, 48.145203438864499 ], [ -90.672847847303117, 48.145188189241615 ], [ -90.67287023488413, 48.144916420095839 ], [ -90.672471272356418, 48.144901169412719 ], [ -90.672493661419068, 48.144629400623991 ], [ -90.672094700748957, 48.144614148880514 ], [ -90.672139481649538, 48.144070612294286 ], [ -90.671740524506646, 48.144055359570388 ], [ -90.671785307994369, 48.143511824252478 ], [ -90.671386354378583, 48.143496570548216 ], [ -90.671408747509986, 48.143224803384804 ], [ -90.671009795751729, 48.143209548620298 ], [ -90.67105458478953, 48.142666015284505 ], [ -90.670655636558351, 48.14265075953962 ], [ -90.670678032464721, 48.142378993367274 ], [ -90.670279086091114, 48.14236373656221 ], [ -90.670301483478923, 48.142091970746741 ], [ -90.669902538962788, 48.142076712881497 ], [ -90.669924937832022, 48.141804947422969 ], [ -90.669525995173416, 48.141789688497589 ], [ -90.669570795686568, 48.141246158571448 ], [ -90.669171856554954, 48.141230898665697 ], [ -90.669194258198843, 48.140959134198077 ], [ -90.668795320924673, 48.14094387323221 ], [ -90.668817724049887, 48.140672109121546 ], [ -90.668418788633218, 48.140656847095542 ], [ -90.66844119323973, 48.140385083341727 ], [ -90.667643326309488, 48.140354556029628 ], [ -90.667688141635665, 48.139811029672344 ], [ -90.667289211791427, 48.139795764466108 ], [ -90.667311620841659, 48.139524001782853 ], [ -90.666513765056251, 48.139493468110309 ], [ -90.666114837445846, 48.139478199564174 ], [ -90.664918055743641, 48.139432387086295 ], [ -90.664895636677457, 48.139704149290395 ], [ -90.663299923699043, 48.139643049708319 ], [ -90.663277497767325, 48.139914811869772 ], [ -90.662878568324047, 48.139899534044602 ], [ -90.6628561405347, 48.140171296403224 ], [ -90.662058278874369, 48.140140737173255 ], [ -90.662035847558045, 48.140412499649067 ], [ -90.660839051472024, 48.140366652014912 ], [ -90.660816614959316, 48.140638414527935 ], [ -90.658423017857544, 48.140546688002026 ], [ -90.658445464386318, 48.140274925968797 ], [ -90.658046533864848, 48.140259634304705 ], [ -90.658136324772698, 48.139172589261662 ], [ -90.657737401116947, 48.139157296777633 ], [ -90.65782719568648, 48.138070256486117 ], [ -90.658226112665261, 48.138085548650253 ], [ -90.658315897542678, 48.136998512469717 ], [ -90.65871480803321, 48.137013803174085 ], [ -90.658782139705252, 48.13619852870621 ], [ -90.658804583219094, 48.135926771103989 ], [ -90.658405679405121, 48.135911480719479 ], [ -90.658495458252702, 48.134824453398771 ], [ -90.658096561303495, 48.134809162194301 ], [ -90.658208788968665, 48.133450384671264 ], [ -90.657411012325568, 48.133419799642645 ], [ -90.657433460631268, 48.133148045128202 ], [ -90.657034574261345, 48.133132750984224 ], [ -90.657057024047546, 48.132860996826572 ], [ -90.656658139535082, 48.132845701622799 ], [ -90.65668059080177, 48.132573947821797 ], [ -90.656281708146651, 48.132558651558284 ], [ -90.65625925521104, 48.132830405279272 ], [ -90.655860371075477, 48.132815107796013 ], [ -90.655882825680024, 48.132543354155032 ], [ -90.65508506131232, 48.132512755929177 ], [ -90.655107519066192, 48.132241002724911 ], [ -90.654309758790347, 48.13221040010022 ], [ -90.654332219693487, 48.131938647332596 ], [ -90.651141199484357, 48.131816191884816 ], [ -90.651163673549888, 48.13154444003419 ], [ -90.650764798541459, 48.131529128054552 ], [ -90.650742322807076, 48.131800879825086 ], [ -90.649944570018434, 48.131770252286493 ], [ -90.649899611308143, 48.132313756337396 ], [ -90.649500731859177, 48.132298440698371 ], [ -90.649478250552079, 48.13257019305874 ], [ -90.649079369622896, 48.132554876199926 ], [ -90.649056886458183, 48.132826628756952 ], [ -90.648658004048812, 48.132811310678292 ], [ -90.648635519026442, 48.133083063431918 ], [ -90.648236635136925, 48.133067744133427 ], [ -90.648214148256884, 48.133339497083604 ], [ -90.647815262887264, 48.133324176565282 ], [ -90.647792774149494, 48.133595929712108 ], [ -90.646596114166456, 48.133549961078238 ], [ -90.64657362023307, 48.133821714261472 ], [ -90.645775844517331, 48.133791062646509 ], [ -90.645753347057195, 48.134062815946173 ], [ -90.645354457813625, 48.134047488348983 ], [ -90.645331958495689, 48.134319241845226 ], [ -90.644933067772072, 48.134303913028099 ], [ -90.644888065231555, 48.134847420690612 ], [ -90.644489171358828, 48.134832090573404 ], [ -90.644444164724717, 48.13537559918273 ], [ -90.644045267702879, 48.135360267765357 ], [ -90.644022762433437, 48.135632022405069 ], [ -90.643623863931509, 48.135616689767751 ], [ -90.643601356804083, 48.135888444604106 ], [ -90.64320245682211, 48.135873110746807 ], [ -90.643179947836686, 48.136144865779734 ], [ -90.640786541899047, 48.136052838219008 ], [ -90.640809060898718, 48.135781083667368 ], [ -90.640011263769836, 48.13575039885594 ], [ -90.640033785918504, 48.135478644741475 ], [ -90.639634889306649, 48.135463300706341 ], [ -90.639702459625227, 48.134648040264501 ], [ -90.638904676982747, 48.134617349256388 ], [ -90.638927203382025, 48.134345596489773 ], [ -90.636932758430063, 48.13426884942492 ], [ -90.636955292984922, 48.133997097336454 ], [ -90.634960861106862, 48.133920322179385 ], [ -90.634983403817088, 48.133648570769097 ], [ -90.634584519678072, 48.13363321239877 ], [ -90.63465215167993, 48.132817960069055 ], [ -90.634253272736743, 48.132802600799977 ], [ -90.6343209080419, 48.131987351201317 ], [ -90.633922034294443, 48.13197199103346 ], [ -90.633967126889203, 48.131428492844947 ], [ -90.633989672902715, 48.131156744165644 ], [ -90.633590804350916, 48.131141383099042 ], [ -90.633613351843891, 48.130869634776715 ], [ -90.633658446262075, 48.130326138961735 ], [ -90.633259582905723, 48.13031077699646 ], [ -90.633282131499627, 48.130039029584161 ], [ -90.632883270001258, 48.130023666559524 ], [ -90.632928369958606, 48.129480172725344 ], [ -90.632529511986888, 48.129464808721707 ], [ -90.632552063350303, 48.129193062299791 ], [ -90.632153207236598, 48.129177697236784 ], [ -90.632198312732825, 48.128634205383229 ], [ -90.631400607747821, 48.128603472159782 ], [ -90.631423163549201, 48.128331726808426 ], [ -90.631024313009306, 48.128316358567623 ], [ -90.63104687028995, 48.128044613573152 ], [ -90.630648021608039, 48.128029244273044 ], [ -90.630715697319658, 48.127214011189494 ], [ -90.630316853832753, 48.127198640990883 ], [ -90.63038453284581, 48.126383410636571 ], [ -90.629985694553838, 48.126368039539436 ], [ -90.630030816286052, 48.125824554179331 ], [ -90.628036644351923, 48.125747682404004 ], [ -90.627991505934901, 48.126291166960428 ], [ -90.62796893644223, 48.126562909653188 ], [ -90.627946366760128, 48.126834652622449 ], [ -90.627547526267577, 48.126819274527165 ], [ -90.627502382997946, 48.127362761134236 ], [ -90.627479811078956, 48.127634504852416 ], [ -90.627080965770261, 48.127619125376391 ], [ -90.626990669525256, 48.12870610269232 ], [ -90.626591817731736, 48.12869072175512 ], [ -90.626456357667607, 48.130321195542159 ], [ -90.627254081467953, 48.130351957241977 ], [ -90.6272315074647, 48.130623704001898 ], [ -90.627630371317835, 48.130639083222746 ], [ -90.627607798793804, 48.130910830339694 ], [ -90.628006664505065, 48.130926208501315 ], [ -90.627961522226045, 48.131469703725791 ], [ -90.628360391464312, 48.131485080908568 ], [ -90.628247540794959, 48.132843824212884 ], [ -90.627848663212731, 48.132828446628167 ], [ -90.627826090841651, 48.133100196038633 ], [ -90.62742721178013, 48.13308481723378 ], [ -90.627404637550683, 48.133356566840433 ], [ -90.626606876658386, 48.13332580565077 ], [ -90.626584298901747, 48.133597555373349 ], [ -90.625387653978294, 48.133551404799668 ], [ -90.625365071025527, 48.133823154557618 ], [ -90.624567305353381, 48.13379238164903 ], [ -90.624589891643851, 48.133520632051976 ], [ -90.62339324956416, 48.133474464382601 ], [ -90.623415840671541, 48.13320271530371 ], [ -90.622219205305186, 48.133156537618419 ], [ -90.622241801229364, 48.132884789057663 ], [ -90.621444048604488, 48.132853998396726 ], [ -90.621466647676584, 48.132582250273565 ], [ -90.620668899148058, 48.132551455214823 ], [ -90.620691501368, 48.132279707529321 ], [ -90.620292629057161, 48.132264308371035 ], [ -90.620315232756127, 48.131992561042722 ], [ -90.619916362303741, 48.131977160825194 ], [ -90.61993896748173, 48.131705413853993 ], [ -90.619141230483706, 48.131674610161042 ], [ -90.619186446945264, 48.131131117370693 ], [ -90.618787582068407, 48.13111571397576 ], [ -90.61881019168321, 48.130843968076107 ], [ -90.618411328664777, 48.130828563622039 ], [ -90.618479161376513, 48.130013327823804 ], [ -90.618080303553853, 48.129997922471802 ], [ -90.618102915746803, 48.129726177839395 ], [ -90.616906348423711, 48.129679955187271 ], [ -90.616883731224874, 48.129951699578044 ], [ -90.616484874161557, 48.129936289667519 ], [ -90.616439635857049, 48.130479779117522 ], [ -90.616040775646354, 48.130464367906256 ], [ -90.616018154540626, 48.130736112965579 ], [ -90.613624987252308, 48.130643621282182 ], [ -90.613647618369967, 48.130371876706498 ], [ -90.612849900797457, 48.130341037189595 ], [ -90.612917803022327, 48.129525805605468 ], [ -90.612518949526887, 48.129510384379465 ], [ -90.612586855047596, 48.128695155525897 ], [ -90.611789158638175, 48.128664310138916 ], [ -90.611811796768848, 48.128392567901912 ], [ -90.611412950517675, 48.128377143579698 ], [ -90.611435590126831, 48.128105401699806 ], [ -90.611036745734225, 48.128089976318599 ], [ -90.611082027719448, 48.12754649354963 ], [ -90.61068318685389, 48.127531067190155 ], [ -90.610705829229914, 48.127259326300916 ], [ -90.610306990222924, 48.127243898882611 ], [ -90.610329634077374, 48.126972158350462 ], [ -90.609930796928836, 48.126956729873186 ], [ -90.608734286623857, 48.126910437604103 ], [ -90.608335450235742, 48.126895004568652 ], [ -90.608358102242306, 48.126623264716258 ], [ -90.607161599224128, 48.126576959014805 ], [ -90.606762765265046, 48.126561521501976 ], [ -90.606785423755156, 48.126289782248676 ], [ -90.605987759744423, 48.12625890396577 ], [ -90.606010421381143, 48.125987165150278 ], [ -90.605212761467982, 48.125956282470774 ], [ -90.605235426251241, 48.125684544093097 ], [ -90.604836598248426, 48.125669101124778 ], [ -90.604859264509813, 48.125397363104213 ], [ -90.604460438365564, 48.125381919077114 ], [ -90.604483106105022, 48.125110181413618 ], [ -90.604084281819368, 48.125094736327746 ], [ -90.604106951036925, 48.124822999021312 ], [ -90.603708128609853, 48.124807552876739 ], [ -90.603730799305438, 48.12453581592731 ], [ -90.603331978737017, 48.124520368723928 ], [ -90.603354650910603, 48.124248632131653 ], [ -90.60295583220072, 48.124233183869535 ], [ -90.602978505852306, 48.123961447634322 ], [ -90.602579689001004, 48.123945998313467 ], [ -90.602602364130533, 48.123674262435195 ], [ -90.602203549137812, 48.123658812055716 ], [ -90.601405919723405, 48.123627907878294 ], [ -90.601428599667344, 48.123356172518683 ], [ -90.601029786913884, 48.123340718801565 ], [ -90.601075149567137, 48.12279724907247 ], [ -90.600676340340527, 48.122781794377467 ], [ -90.600699023049785, 48.122510060008054 ], [ -90.601097830608211, 48.122525514622318 ], [ -90.601233912857168, 48.120895113721609 ], [ -90.600835115307603, 48.120879659592006 ], [ -90.600857796684295, 48.120607927155902 ], [ -90.600459000993141, 48.120592471967718 ], [ -90.600060205492369, 48.120577015640087 ], [ -90.600082890014846, 48.120305283641784 ], [ -90.599684096372528, 48.120289826255572 ], [ -90.599706782372678, 48.120018094614103 ], [ -90.599307990588869, 48.120002636169296 ], [ -90.599421426073889, 48.118643982507642 ], [ -90.599820209517617, 48.118659440548491 ], [ -90.599842894375442, 48.118387710563582 ], [ -90.600640458498205, 48.1184186230658 ], [ -90.601039240845125, 48.118434077607844 ], [ -90.60106192050867, 48.118162347656757 ], [ -90.602258263687432, 48.118208704204754 ], [ -90.602280938156767, 48.117936974287446 ], [ -90.603477278044295, 48.117983320339171 ], [ -90.603876058387328, 48.117998766744385 ], [ -90.603898725994569, 48.117727036780202 ], [ -90.604696283915388, 48.117757926011265 ], [ -90.604673619644075, 48.118029656136883 ], [ -90.605072400557788, 48.11804509912411 ], [ -90.605049737764247, 48.118316829606435 ], [ -90.605448520536129, 48.118332271534989 ], [ -90.605425859220389, 48.118604002374084 ], [ -90.605824643850411, 48.118619443243993 ], [ -90.605801984012487, 48.118891174439895 ], [ -90.606200770500749, 48.118906614251138 ], [ -90.606178112140668, 48.119178345803782 ], [ -90.606576900487113, 48.119193784556344 ], [ -90.606554243604918, 48.119465516465809 ], [ -90.606953033809518, 48.11948095415967 ], [ -90.606930378405238, 48.119752686425862 ], [ -90.606907722810789, 48.120024418968249 ], [ -90.606885067026212, 48.120296151786683 ], [ -90.607283862425234, 48.120311588583256 ], [ -90.607193244057967, 48.121398522941426 ], [ -90.609187257267266, 48.121475691446385 ], [ -90.609209903803531, 48.121203957039256 ], [ -90.609608705347497, 48.121219387241382 ], [ -90.609631350025552, 48.120947653029802 ], [ -90.61003015009139, 48.120963082011798 ], [ -90.610075435541077, 48.120419614255958 ], [ -90.610474232460746, 48.120435041937327 ], [ -90.610519513814083, 48.119891575124825 ], [ -90.610918307587568, 48.119907001505524 ], [ -90.610963584844697, 48.119363535636332 ], [ -90.611362375471984, 48.119378960716411 ], [ -90.61138501214748, 48.119107228115361 ], [ -90.611783801296738, 48.119122651975509 ], [ -90.611874339426905, 48.118035724009943 ], [ -90.611475556949756, 48.118020300472224 ], [ -90.611566098712501, 48.116933377246056 ], [ -90.611611368454092, 48.116389917289212 ], [ -90.611634003039953, 48.116118187724766 ], [ -90.611235232428442, 48.11610276361192 ], [ -90.611303140049955, 48.115287576816236 ], [ -90.610904374631971, 48.115272151805854 ], [ -90.610949648765512, 48.114728695483151 ], [ -90.611348410847796, 48.114744120332297 ], [ -90.611371045961789, 48.114472392504211 ], [ -90.611769806566159, 48.11448781613354 ], [ -90.611815072888689, 48.113944361143986 ], [ -90.61141631561992, 48.113928937675851 ], [ -90.611438950164057, 48.113657210675541 ], [ -90.611461584518239, 48.113385483951113 ], [ -90.611062830774912, 48.113370059504859 ], [ -90.610664077221543, 48.113354633919421 ], [ -90.610641439531832, 48.113626360482655 ], [ -90.609445175008389, 48.113580076648987 ], [ -90.609422532125393, 48.113851803246263 ], [ -90.609023775996477, 48.113836372942536 ], [ -90.60904642054723, 48.113564646425878 ], [ -90.60864766627617, 48.113549215063586 ], [ -90.608670312304653, 48.11327748890335 ], [ -90.608271559891321, 48.113262056482441 ], [ -90.608316854713621, 48.112718605150988 ], [ -90.608715603791495, 48.112734037410654 ], [ -90.608738249249868, 48.11246231207803 ], [ -90.609136996850026, 48.112477743117864 ], [ -90.609159640450656, 48.112206017980498 ], [ -90.609558386573198, 48.112221447800493 ], [ -90.609603669869074, 48.111677998192036 ], [ -90.60920492708189, 48.111662568533283 ], [ -90.609272855603635, 48.11084739643092 ], [ -90.608874118009425, 48.11083196587478 ], [ -90.608919406075771, 48.110288519346724 ], [ -90.608121938127724, 48.11025765513935 ], [ -90.608144585211022, 48.109985932450208 ], [ -90.607745853189627, 48.109970498718411 ], [ -90.607768501750442, 48.109698776385663 ], [ -90.607369771586718, 48.109683341595314 ], [ -90.607392421625036, 48.109411619618896 ], [ -90.606196237276819, 48.109365308654851 ], [ -90.606218892127643, 48.10909358719605 ], [ -90.603826538569464, 48.109000934994867 ], [ -90.6038492032352, 48.108729214295728 ], [ -90.602254311336594, 48.108667423701611 ], [ -90.602231640000909, 48.108939144077979 ], [ -90.601832915834379, 48.108923693500856 ], [ -90.601810242640951, 48.109195414072175 ], [ -90.601411516997118, 48.109179962275221 ], [ -90.601388841945933, 48.109451683041513 ], [ -90.600990114824882, 48.109436230024698 ], [ -90.600967437915884, 48.1097079509859 ], [ -90.601366166704466, 48.109723404083489 ], [ -90.601320815650695, 48.110266846994577 ], [ -90.60125278764292, 48.111082013429382 ], [ -90.601651524959578, 48.111097465791403 ], [ -90.601628850244026, 48.111369188568538 ], [ -90.602426328783352, 48.111400090036433 ], [ -90.602403657212776, 48.111671813250808 ], [ -90.602802398435458, 48.111687262356675 ], [ -90.602779728342256, 48.111958985927629 ], [ -90.603178471422794, 48.111974433975021 ], [ -90.603577214693601, 48.111989880883158 ], [ -90.60355454774546, 48.112261604891323 ], [ -90.605548275290687, 48.112338822747454 ], [ -90.605502957500676, 48.112882272398117 ], [ -90.605104208275876, 48.112866830944007 ], [ -90.605058886389813, 48.113410281536723 ], [ -90.604660134019767, 48.113394838781964 ], [ -90.604614808037539, 48.113938290316796 ], [ -90.605013563743086, 48.113953733232918 ], [ -90.604990902134446, 48.114225459494854 ], [ -90.606187175395348, 48.114271781649741 ], [ -90.606164518599897, 48.114543508429605 ], [ -90.605366999566925, 48.114512627970932 ], [ -90.605344339245732, 48.114784354865357 ], [ -90.604945578346673, 48.114768912846444 ], [ -90.603749296790653, 48.114722579954126 ], [ -90.603726629608062, 48.114994306801705 ], [ -90.602929106186181, 48.114963412349063 ], [ -90.602131583525335, 48.114932513339348 ], [ -90.601732822480329, 48.114917062125613 ], [ -90.600935300961211, 48.114886156280278 ], [ -90.600912621913764, 48.11515788283873 ], [ -90.600513859771866, 48.115142428126404 ], [ -90.600491178866264, 48.115414154879986 ], [ -90.600092415246891, 48.115398698947644 ], [ -90.59969365181793, 48.115383241876074 ], [ -90.59929488857928, 48.115367783665185 ], [ -90.599272202479881, 48.115639510452489 ], [ -90.5988734377638, 48.115624051021577 ], [ -90.598474673238115, 48.115608590451352 ], [ -90.598451983612676, 48.115880317352996 ], [ -90.59765445179697, 48.11584939263318 ], [ -90.597677144758066, 48.115577665893099 ], [ -90.597699837528722, 48.115305939429 ], [ -90.595706028000464, 48.115228608500246 ], [ -90.595728728919624, 48.114956882716157 ], [ -90.594532450492011, 48.114910470730266 ], [ -90.594555156223961, 48.114638745464568 ], [ -90.593358884514544, 48.114592323467924 ], [ -90.593381595059185, 48.114320598720681 ], [ -90.592584084874645, 48.114289645188471 ], [ -90.592606798564134, 48.114017920878872 ], [ -90.59220804542548, 48.114002442484711 ], [ -90.592230760592059, 48.113730718531855 ], [ -90.591433258222025, 48.113699758487748 ], [ -90.591410539720016, 48.113971482278863 ], [ -90.590613034777235, 48.113940517516077 ], [ -90.590590312749157, 48.114212241421292 ], [ -90.588596545390743, 48.114134809173329 ], [ -90.588619275757324, 48.113863085672662 ], [ -90.588220524525568, 48.113847595886327 ], [ -90.5883114507551, 48.112760704966 ], [ -90.587912706384699, 48.112745214364189 ], [ -90.587980904056764, 48.111930049312797 ], [ -90.588379643424346, 48.111945539671865 ], [ -90.588425104250106, 48.111402097521406 ], [ -90.588823840473225, 48.111417586579428 ], [ -90.588869297200915, 48.110874145370218 ], [ -90.589268030279698, 48.110889633127222 ], [ -90.589313482909461, 48.110346192859183 ], [ -90.589712212843892, 48.110361679315218 ], [ -90.589757661375842, 48.109818239988265 ], [ -90.589358934776399, 48.109802753694034 ], [ -90.589381660423825, 48.109531034525006 ], [ -90.588185486772232, 48.109484569050167 ], [ -90.588208217231326, 48.109212850399558 ], [ -90.587809494729683, 48.109197359710592 ], [ -90.587832226665498, 48.108925641416626 ], [ -90.587034785569415, 48.108894656783256 ], [ -90.587012050298725, 48.109166374915333 ], [ -90.584619721584829, 48.10907339319089 ], [ -90.58468795683801, 48.108258241078616 ], [ -90.584289241055899, 48.108242740380547 ], [ -90.584357479593493, 48.107427590991882 ], [ -90.583958769004269, 48.107412089397691 ], [ -90.584004263743026, 48.10686865801182 ], [ -90.584402970997587, 48.106884159444064 ], [ -90.58442571641335, 48.106612444083616 ], [ -90.58562183432015, 48.106658941303188 ], [ -90.586020540670745, 48.106674438098295 ], [ -90.586419247212092, 48.106689933754332 ], [ -90.586396510132886, 48.106961649519519 ], [ -90.587193927122655, 48.106992637576226 ], [ -90.587171193187331, 48.107264353778952 ], [ -90.587569903635654, 48.107279846179637 ], [ -90.587547171176922, 48.107551562738877 ], [ -90.587945883483386, 48.107567054081407 ], [ -90.58792315250129, 48.107838770997184 ], [ -90.588720581021164, 48.107869750426815 ], [ -90.588697853183106, 48.108141467780044 ], [ -90.591887588228886, 48.108265340581909 ], [ -90.591910302727754, 48.10799362258166 ], [ -90.592309018798943, 48.108009101475083 ], [ -90.592286305967491, 48.108280819556185 ], [ -90.593083742016418, 48.108311774087433 ], [ -90.593106451513052, 48.10804005584464 ], [ -90.5935051681559, 48.10805553132078 ], [ -90.593550583242717, 48.107512095500354 ], [ -90.594348010430522, 48.10754304271201 ], [ -90.59437071435336, 48.107271325053539 ], [ -90.594769426565648, 48.107286796869886 ], [ -90.594860233682581, 48.106199928669028 ], [ -90.595258939415928, 48.106215399023036 ], [ -90.595485927202134, 48.103498247001369 ], [ -90.59428986059099, 48.10345183494622 ], [ -90.594312563323626, 48.103180121501673 ], [ -90.593913876501361, 48.103164648619405 ], [ -90.593981988557815, 48.102349510180908 ], [ -90.594380670378669, 48.10236498282076 ], [ -90.594426074129615, 48.101821558410634 ], [ -90.59482475280673, 48.101837029749888 ], [ -90.594847452729411, 48.10156531787711 ], [ -90.59524612992989, 48.10158078799661 ], [ -90.59529152586974, 48.10103736491569 ], [ -90.595690199926452, 48.101052833734691 ], [ -90.595712895943677, 48.100781122526463 ], [ -90.596111568523824, 48.100796590125732 ], [ -90.596134262683577, 48.100524879112157 ], [ -90.596532933787088, 48.10054034549163 ], [ -90.596555626089412, 48.100268634672688 ], [ -90.59695429571623, 48.100284099832514 ], [ -90.596976986161152, 48.100012389208054 ], [ -90.597774322651986, 48.100043315949371 ], [ -90.598172991182935, 48.100058777611665 ], [ -90.598571659904152, 48.100074238135015 ], [ -90.598548976127333, 48.100345949082431 ], [ -90.598947646705966, 48.100361408547592 ], [ -90.598924964405867, 48.10063311985099 ], [ -90.598902281915457, 48.100904831429915 ], [ -90.599300956018482, 48.100920289917532 ], [ -90.599278275004835, 48.101192001852468 ], [ -90.59967695096519, 48.101207459281895 ], [ -90.600075627115885, 48.101222915572336 ], [ -90.600474303456849, 48.101238370723806 ], [ -90.600496979469256, 48.10096665854671 ], [ -90.600610356677549, 48.099608101791624 ], [ -90.600211690338853, 48.09959264712441 ], [ -90.600234366876762, 48.099320936680137 ], [ -90.599437038104185, 48.099290024090273 ], [ -90.599482397277143, 48.098746604350424 ], [ -90.599083736510181, 48.098731146508577 ], [ -90.599106417478183, 48.098459437132327 ], [ -90.59870775856848, 48.098443978232304 ], [ -90.598730441013117, 48.098172269212014 ], [ -90.599129098255901, 48.09818772803137 ], [ -90.599197139447313, 48.097372602379913 ], [ -90.598001183292041, 48.097326223231761 ], [ -90.597955812686692, 48.097869639573126 ], [ -90.597557157681763, 48.097854177417801 ], [ -90.59753447042668, 48.098125885920659 ], [ -90.597511782981258, 48.098397594698731 ], [ -90.597113124832831, 48.098382131243085 ], [ -90.597090435530134, 48.098653840215647 ], [ -90.596293116470591, 48.098622909726139 ], [ -90.596247730626274, 48.099166328174171 ], [ -90.595450405660486, 48.099135392805998 ], [ -90.595427709118809, 48.09940710228139 ], [ -90.594630381580743, 48.09937616219603 ], [ -90.594653081456343, 48.099104452882209 ], [ -90.593457096578575, 48.099058034454622 ], [ -90.593479801264579, 48.09878632565843 ], [ -90.59308114168654, 48.098770850652251 ], [ -90.593149259602313, 48.097955726157807 ], [ -90.593547914179624, 48.097971200921556 ], [ -90.593661431895086, 48.096612665198215 ], [ -90.594060078328582, 48.096628138419163 ], [ -90.594082779633425, 48.096356432019313 ], [ -90.594880069738068, 48.09638737488303 ], [ -90.594993556737805, 48.095028846203689 ], [ -90.594196283300946, 48.094997904147682 ], [ -90.594218983463122, 48.094726199398806 ], [ -90.592624445541688, 48.094664301944249 ], [ -90.592601738712602, 48.094936006369942 ], [ -90.591804467561332, 48.094905050648201 ], [ -90.591827177723872, 48.094633346384072 ], [ -90.591029910668183, 48.094602386268704 ], [ -90.59105262397361, 48.094330682441338 ], [ -90.590653992398259, 48.09431520075622 ], [ -90.59067670717981, 48.094043497284808 ], [ -90.591075337088469, 48.094058978889102 ], [ -90.591098050012803, 48.093787275611909 ], [ -90.591496678445324, 48.093802755996535 ], [ -90.591519389512442, 48.093531052913654 ], [ -90.591918016468796, 48.093546532078641 ], [ -90.591940725678739, 48.09327482919003 ], [ -90.592339351158998, 48.093290307135483 ], [ -90.592737976829753, 48.093305783942164 ], [ -90.595926989051918, 48.093429557399354 ], [ -90.596325616436488, 48.09344502395696 ], [ -90.597521499732338, 48.0934914167971 ], [ -90.597544185418613, 48.093219713052818 ], [ -90.597942811897894, 48.093235174974581 ], [ -90.597965495727195, 48.092963471424639 ], [ -90.598364120730125, 48.092978932126847 ], [ -90.598762745923324, 48.092994391690347 ], [ -90.599161371306749, 48.093009850114989 ], [ -90.599206728394634, 48.092466443356024 ], [ -90.601598464690483, 48.092559169021442 ], [ -90.601689136584596, 48.09147235686774 ], [ -90.601290520059578, 48.09145690575977 ], [ -90.601313189224271, 48.091185203489538 ], [ -90.600515960077942, 48.091154298018601 ], [ -90.600538632385593, 48.090882596184663 ], [ -90.599741407333212, 48.090851686320164 ], [ -90.599786758044104, 48.090308283799978 ], [ -90.599832107994146, 48.089764882379605 ], [ -90.599854782683835, 48.089493182081902 ], [ -90.60025338678237, 48.089508637180174 ], [ -90.600321404710812, 48.08869353769429 ], [ -90.600720004000095, 48.088708991411828 ], [ -90.600742674596091, 48.088437292052419 ], [ -90.600344076973229, 48.088421838415584 ], [ -90.600366749045477, 48.088150139411631 ], [ -90.600765345001903, 48.088165592967854 ], [ -90.60078801521756, 48.087893894158135 ], [ -90.600389420927527, 48.087878440682552 ], [ -90.600434764121104, 48.087335044049084 ], [ -90.600457435432617, 48.08706334614461 ], [ -90.600502777485119, 48.086519951160099 ], [ -90.600104191717051, 48.086504496949225 ], [ -90.600149536341505, 48.085961103225259 ], [ -90.600172208368463, 48.085689406775479 ], [ -90.599773627789489, 48.085673951667907 ], [ -90.599818974605412, 48.085130559753956 ], [ -90.599420397549238, 48.085115103669104 ], [ -90.599465746936886, 48.084571713015521 ], [ -90.599067173403327, 48.084556255953338 ], [ -90.599089849478091, 48.084284561119354 ], [ -90.598691277800953, 48.084269102999279 ], [ -90.598713955351698, 48.083997408520617 ], [ -90.598315385530995, 48.083981949342643 ], [ -90.598338064557709, 48.083710255219373 ], [ -90.597939496593455, 48.083694794983494 ], [ -90.59798485740852, 48.083151407722482 ], [ -90.597586292966795, 48.083135946509351 ], [ -90.59760897475509, 48.082864253371476 ], [ -90.597699700005862, 48.081777483566775 ], [ -90.598098256117026, 48.081792944376474 ], [ -90.598120935288037, 48.081521252531154 ], [ -90.598519489923333, 48.081536712121697 ], [ -90.598564844362571, 48.080993329093545 ], [ -90.599361947539634, 48.08102424453628 ], [ -90.59938462114188, 48.080752553272802 ], [ -90.599783171349642, 48.08076800920572 ], [ -90.599805843095695, 48.080496318136206 ], [ -90.600204391827546, 48.080511772849981 ], [ -90.600249731417136, 48.079968391373271 ], [ -90.600648277007181, 48.079983844787328 ], [ -90.600670944850776, 48.079712154380161 ], [ -90.601866577763573, 48.079758507549272 ], [ -90.601889240419112, 48.07948681717486 ], [ -90.60268632664615, 48.079517713433901 ], [ -90.603084870044711, 48.07953315985565 ], [ -90.603062212387115, 48.079804850471874 ], [ -90.603460757641756, 48.079820295835773 ], [ -90.604656394545714, 48.079866625096322 ], [ -90.604633743362115, 48.080138316309508 ], [ -90.605032291042789, 48.080153757199888 ], [ -90.605430838913435, 48.080169196951815 ], [ -90.605453486765015, 48.079897505577463 ], [ -90.606250579744085, 48.079928381504658 ], [ -90.607446220637186, 48.079974686856509 ], [ -90.607844767981348, 48.079990119696781 ], [ -90.6078674056469, 48.079718428113878 ], [ -90.608265951514937, 48.079733859735072 ], [ -90.608664497572832, 48.079749290217784 ], [ -90.608687131716508, 48.07947759874839 ], [ -90.609484221069735, 48.079508456137262 ], [ -90.609506851691577, 48.079236764781335 ], [ -90.609905394986953, 48.079252191687559 ], [ -90.609882766031106, 48.07952388312394 ], [ -90.610281311182234, 48.079539308972151 ], [ -90.610303938472057, 48.079267617455244 ], [ -90.611898114310407, 48.079329309140959 ], [ -90.612296658744356, 48.079344729216182 ], [ -90.613492293184407, 48.079390982610562 ], [ -90.613514906956453, 48.079119290724591 ], [ -90.613537520538841, 48.078847599113082 ], [ -90.613138978867838, 48.078832182614342 ], [ -90.613116363619469, 48.079103874145389 ], [ -90.612717820472085, 48.079088456427691 ], [ -90.612319277514416, 48.079073037571483 ], [ -90.611920734746477, 48.079057617576758 ], [ -90.611943354992817, 48.078785926287082 ], [ -90.608356493614522, 48.078647095826632 ], [ -90.608379128664794, 48.078375405535795 ], [ -90.607582053778344, 48.078344541960092 ], [ -90.607604691970636, 48.078072852104761 ], [ -90.607206156478199, 48.078057418689674 ], [ -90.606807621175605, 48.078041984136092 ], [ -90.606830262509845, 48.077770294716437 ], [ -90.606431729063061, 48.077754859104957 ], [ -90.606409086062911, 48.078026548444107 ], [ -90.60601055114013, 48.078011111613591 ], [ -90.605612016407321, 48.077995673644629 ], [ -90.605634662739277, 48.07772398446658 ], [ -90.605236129862263, 48.077708545439663 ], [ -90.604837597175219, 48.077693105274314 ], [ -90.604439064678175, 48.077677663970512 ], [ -90.604416413348503, 48.077949352906927 ], [ -90.604017879375505, 48.077933910384068 ], [ -90.603619345592492, 48.077918466722799 ], [ -90.603596690741, 48.078190155772603 ], [ -90.601604016346954, 48.078112919986204 ], [ -90.60158135297587, 48.078384608907456 ], [ -90.600385745622631, 48.078338253532245 ], [ -90.600408413991417, 48.07806656485279 ], [ -90.600009880253168, 48.07805111086477 ], [ -90.600032550097723, 48.077779422540488 ], [ -90.600055219752136, 48.077507734490652 ], [ -90.599656689535735, 48.077492279525401 ], [ -90.599724702355729, 48.076677217264489 ], [ -90.599326177327001, 48.076661761402669 ], [ -90.599416865088187, 48.075575015885924 ], [ -90.59943953655312, 48.075303330192661 ], [ -90.599484878912548, 48.074759959629297 ], [ -90.599883392280887, 48.074775414926677 ], [ -90.5999513993969, 48.073960360897381 ], [ -90.600349907958247, 48.073975814814467 ], [ -90.60037257495101, 48.073704130606075 ], [ -90.600771082036729, 48.073719583304175 ], [ -90.600793747173725, 48.073447899289476 ], [ -90.601192252783903, 48.073463350768662 ], [ -90.601214916065175, 48.073191666947622 ], [ -90.601613420199769, 48.073207117207829 ], [ -90.602011924524376, 48.07322256632969 ], [ -90.602410429039068, 48.073238014313119 ], [ -90.603605943723181, 48.07328435143345 ], [ -90.603628596820499, 48.073012667403219 ], [ -90.604425604228581, 48.073043552963846 ], [ -90.604824108217556, 48.073058994036607 ], [ -90.605621116765278, 48.073089872767078 ], [ -90.606816631011185, 48.073136182325051 ], [ -90.606839270593298, 48.072864497924819 ], [ -90.607237774056046, 48.072879932086934 ], [ -90.608034781551041, 48.072910796996034 ], [ -90.608057415946348, 48.072639112628558 ], [ -90.608854420869406, 48.072669972823199 ], [ -90.608877051743576, 48.072398288569076 ], [ -90.609275552824158, 48.072413716878366 ], [ -90.609298181842917, 48.072142032818 ], [ -90.609696681447602, 48.072157459908482 ], [ -90.61049368122633, 48.07218831067442 ], [ -90.610471057204478, 48.072459994976207 ], [ -90.610869559044062, 48.072475418732104 ], [ -90.611268061073403, 48.072490841349648 ], [ -90.612065065701216, 48.072521683169676 ], [ -90.612042448152266, 48.072793368067465 ], [ -90.612839456870091, 48.072824205494939 ], [ -90.612862071087719, 48.072552520436254 ], [ -90.613260574065478, 48.072567937361981 ], [ -90.613283186427779, 48.072296252497154 ], [ -90.612884685115674, 48.072280835651817 ], [ -90.612907298953985, 48.072009151141764 ], [ -90.612508799497164, 48.07199373323845 ], [ -90.612531414811443, 48.071722049083021 ], [ -90.612132917209976, 48.071706630121831 ], [ -90.612155534000209, 48.071434946321062 ], [ -90.611358542697417, 48.071404105144531 ], [ -90.611381162629158, 48.071132421778863 ], [ -90.610982668927889, 48.071116999563579 ], [ -90.610584175416392, 48.071101576209912 ], [ -90.61060679848957, 48.070829893279431 ], [ -90.609809815366802, 48.070799043318054 ], [ -90.609787188962471, 48.071070726087669 ], [ -90.60938869602019, 48.071055299319049 ], [ -90.608990203267638, 48.07103987141214 ], [ -90.609012833003078, 48.070768188803498 ], [ -90.608614342105867, 48.070752759838669 ], [ -90.608215851398455, 48.070737329735586 ], [ -90.60741887055309, 48.070706466114409 ], [ -90.607020380415122, 48.070691032596415 ], [ -90.606997742351894, 48.070962714802633 ], [ -90.60620075931449, 48.070931844190561 ], [ -90.605802268080581, 48.070916407177116 ], [ -90.605403777036571, 48.070900969025324 ], [ -90.605005286182504, 48.070885529735165 ], [ -90.604606795518322, 48.070870089306709 ], [ -90.604629443574794, 48.07059840758366 ], [ -90.604230954766081, 48.070582966097462 ], [ -90.604253604298151, 48.070311284729094 ], [ -90.604276253640279, 48.07003960363491 ], [ -90.604298902792465, 48.069767922814897 ], [ -90.604321551754708, 48.069496242269047 ], [ -90.604344200527009, 48.069224561997316 ], [ -90.6039457202357, 48.069209119775557 ], [ -90.603991020541386, 48.068665760215609 ], [ -90.603592543770944, 48.068650317016612 ], [ -90.603705799538162, 48.06729192331639 ], [ -90.604104267981668, 48.067307366112622 ], [ -90.604126916899915, 48.067035688114281 ], [ -90.604149565628219, 48.066764010389988 ], [ -90.60417221416661, 48.06649233293971 ], [ -90.603773750719128, 48.066476890385111 ], [ -90.602976824393863, 48.066446001861145 ], [ -90.602179898828552, 48.066415108784348 ], [ -90.601781436330839, 48.066399660538622 ], [ -90.601758777800541, 48.066671337505618 ], [ -90.601360313827541, 48.06665588804109 ], [ -90.600563386451668, 48.06662498569753 ], [ -90.60016492304878, 48.06660953281839 ], [ -90.599367996813243, 48.066578623645505 ], [ -90.599481337522803, 48.065220243968291 ], [ -90.599504005094445, 48.064948568854788 ], [ -90.599902458125584, 48.064964023526741 ], [ -90.599925123841942, 48.064692348606663 ], [ -90.599947789368244, 48.06442067396052 ], [ -90.59997045470449, 48.064148999588276 ], [ -90.59957200666895, 48.064133545158093 ], [ -90.599594673480297, 48.063861871140396 ], [ -90.599617340101574, 48.063590197396692 ], [ -90.599662672773945, 48.063046850730842 ], [ -90.59970800468605, 48.062503505160556 ], [ -90.599309566831337, 48.06248805007575 ], [ -90.599422901610922, 48.061129691345521 ], [ -90.599821331140362, 48.061145146027421 ], [ -90.599843995861093, 48.060873475022262 ], [ -90.600242423915503, 48.060888928485504 ], [ -90.600640852160012, 48.060904380810605 ], [ -90.600663513360658, 48.060632709918181 ], [ -90.601061940130165, 48.060648161024666 ], [ -90.601084599475826, 48.060376490325389 ], [ -90.601483024770332, 48.060391940213272 ], [ -90.601596310323941, 48.059033590420896 ], [ -90.601197893354197, 48.059018140935827 ], [ -90.601220551559905, 48.058746471879147 ], [ -90.600822136445061, 48.058731021336605 ], [ -90.600844796125685, 48.058459352634159 ], [ -90.600446382865741, 48.05844390103411 ], [ -90.600423721520215, 48.058715569655988 ], [ -90.60002530678544, 48.058700116837286 ], [ -90.600047969795853, 48.058428448295977 ], [ -90.598852731726282, 48.058382083253441 ], [ -90.598875399541285, 48.058110415227574 ], [ -90.597281758102255, 48.05804857956084 ], [ -90.596883348217744, 48.058033117799127 ], [ -90.596906024166941, 48.057761450449874 ], [ -90.596507616137401, 48.057745987630753 ], [ -90.596530293561301, 48.057474320635926 ], [ -90.596131887386719, 48.057458856759318 ], [ -90.596154566285307, 48.057187190118739 ], [ -90.596951375494953, 48.057218116572585 ], [ -90.599341807686329, 48.057310868622082 ], [ -90.599364473076307, 48.057039201610309 ], [ -90.598966068900737, 48.057023745860981 ], [ -90.598988735765474, 48.056752079203555 ], [ -90.599387138276228, 48.056767534872328 ], [ -90.599409803286107, 48.056495868407893 ], [ -90.599808204322173, 48.056511322858078 ], [ -90.599830867477252, 48.056239656586762 ], [ -90.600229267038543, 48.056255109818352 ], [ -90.600251928338835, 48.055983443740146 ], [ -90.60065032642531, 48.055998895753234 ], [ -90.600695645126422, 48.055455564256405 ], [ -90.601094040073434, 48.055471014970479 ], [ -90.601116697474296, 48.055199349551899 ], [ -90.602710272502918, 48.055261140706278 ], [ -90.602732923054916, 48.054989475239175 ], [ -90.603131315622164, 48.055004920102306 ], [ -90.603176612827042, 48.054461589827888 ], [ -90.602379834541253, 48.054430699285675 ], [ -90.602357182704381, 48.054702364125099 ], [ -90.601162011706094, 48.054656019535535 ], [ -90.601184668537044, 48.054384354937731 ], [ -90.600786280248869, 48.054368904545804 ], [ -90.599989504242473, 48.054338000348224 ], [ -90.598794341657893, 48.054291635517252 ], [ -90.5988170082869, 48.05401997167629 ], [ -90.598418622803408, 48.054004514537276 ], [ -90.598509294077559, 48.052917862230899 ], [ -90.598110915442604, 48.052902404276324 ], [ -90.598201590334313, 48.05181575666807 ], [ -90.597803218547725, 48.051800297897856 ], [ -90.597871227714535, 48.050985315304594 ], [ -90.597472861111513, 48.050969855638257 ], [ -90.597518202934722, 48.050426535437715 ], [ -90.597119839850706, 48.050411074794575 ], [ -90.597301212856493, 48.048237805571695 ], [ -90.597323883626927, 48.047966148148824 ], [ -90.597722231731353, 48.047981608066763 ], [ -90.597744900647399, 48.047709950836669 ], [ -90.598143247277534, 48.047725409536227 ], [ -90.598165914339219, 48.047453752498861 ], [ -90.598188581210877, 48.047182095734691 ], [ -90.59858692470236, 48.047197553135341 ], [ -90.5986095897197, 48.04692589656392 ], [ -90.598632254547056, 48.046654240265781 ], [ -90.598654919184398, 48.046382584240867 ], [ -90.598256580685756, 48.04636712708183 ], [ -90.598279246797361, 48.046095471410666 ], [ -90.598324578450516, 48.045552160888072 ], [ -90.597926245134559, 48.045536702832976 ], [ -90.597994246181841, 48.0447217393397 ], [ -90.598016912817556, 48.044450085388306 ], [ -90.597618586348361, 48.044434626517607 ], [ -90.597663922378061, 48.043891319595346 ], [ -90.597265599427175, 48.043875859748084 ], [ -90.597288268821117, 48.043604206777189 ], [ -90.597310938025032, 48.043332554079456 ], [ -90.596912618592427, 48.043317093255595 ], [ -90.596935289270405, 48.04304544091147 ], [ -90.596536971691904, 48.043029979030422 ], [ -90.596559643843904, 48.042758327040048 ], [ -90.595763012585238, 48.042727400026017 ], [ -90.59578568787532, 48.042455748469862 ], [ -90.594989060705032, 48.042424817066298 ], [ -90.595011739133085, 48.042153165944327 ], [ -90.594613427497137, 48.042137698616578 ], [ -90.594681466632736, 48.041322747130856 ], [ -90.59507977327668, 48.041338214216836 ], [ -90.595147805709388, 48.040523264946685 ], [ -90.595546107551527, 48.040538730653296 ], [ -90.595704831594261, 48.038637191346822 ], [ -90.596103121979169, 48.038652655351875 ], [ -90.596125794418327, 48.038381007890727 ], [ -90.596922372430498, 48.038411932326888 ], [ -90.596945041351944, 48.038140284977594 ], [ -90.59734332897925, 48.038155745408766 ], [ -90.597365996046861, 48.037884098251851 ], [ -90.597764282200288, 48.037899557464904 ], [ -90.597786947414093, 48.037627910500404 ], [ -90.598185232093726, 48.037643368495331 ], [ -90.59820789545374, 48.037371721723112 ], [ -90.599402745640944, 48.037418088640962 ], [ -90.599380087272351, 48.037689735654638 ], [ -90.599778372711768, 48.037705189099228 ], [ -90.599755715817068, 48.037976836466328 ], [ -90.600154003110234, 48.037992288853921 ], [ -90.600131347689469, 48.038263936574381 ], [ -90.600529636836356, 48.038279387904836 ], [ -90.600506982889556, 48.038551035978777 ], [ -90.600905273890149, 48.03856648625208 ], [ -90.600882621417327, 48.038838134679402 ], [ -90.601280914271726, 48.038853583895637 ], [ -90.601303565080684, 48.038581935387796 ], [ -90.601348866129001, 48.038038639190923 ], [ -90.60139416641789, 48.037495344085748 ], [ -90.601416816277563, 48.037223696942476 ], [ -90.601439465947379, 48.036952050072159 ], [ -90.601484764717483, 48.036408757150035 ], [ -90.601507413817757, 48.036137111098235 ], [ -90.601905690223873, 48.036152558372123 ], [ -90.601928337470582, 48.035880912512752 ], [ -90.602724887524715, 48.035911803487004 ], [ -90.602747531254138, 48.035640157739529 ], [ -90.603544078740043, 48.035671044002619 ], [ -90.603942352767618, 48.035686485427902 ], [ -90.603964991316076, 48.035414839711905 ], [ -90.604761536613083, 48.035445718988974 ], [ -90.605956355981419, 48.035492029372939 ], [ -90.606752903175405, 48.035522897274525 ], [ -90.606798156411102, 48.034979605535391 ], [ -90.606001615872003, 48.034948737955339 ], [ -90.606069504285301, 48.034133802874997 ], [ -90.606467769468992, 48.034149236992654 ], [ -90.606490396897101, 48.033877592430997 ], [ -90.606513024135552, 48.033605948142096 ], [ -90.606911286181557, 48.033621380961442 ], [ -90.606956536762269, 48.033078093041176 ], [ -90.607354795670702, 48.033093524562304 ], [ -90.607377419013019, 48.032821880930904 ], [ -90.607775676447446, 48.03283731123409 ], [ -90.60779829793654, 48.032565667795083 ], [ -90.608594810046981, 48.032596524828307 ], [ -90.608617428019315, 48.032324881501303 ], [ -90.610210447860638, 48.032386581596612 ], [ -90.610608703294801, 48.032402003776774 ], [ -90.610586093640435, 48.032673647505469 ], [ -90.612577381971406, 48.032750741745296 ], [ -90.612599983307774, 48.032479097615095 ], [ -90.612998239878678, 48.03249451297031 ], [ -90.613396496639041, 48.032509927188009 ], [ -90.613419094458777, 48.032238283169953 ], [ -90.613020839362008, 48.032222869032516 ], [ -90.613043438655922, 48.031951225367479 ], [ -90.613441692089111, 48.03196663942461 ], [ -90.613464289530057, 48.031694995951895 ], [ -90.614260793637413, 48.031725820493243 ], [ -90.614283387561827, 48.031454177132765 ], [ -90.615079889099562, 48.031484996963684 ], [ -90.615102479507513, 48.031213353715337 ], [ -90.615500728896862, 48.031228761844339 ], [ -90.615523317451931, 48.030957118788429 ], [ -90.615921565366989, 48.030972525699667 ], [ -90.615944152069218, 48.030700882836257 ], [ -90.616342398510099, 48.030716288529831 ], [ -90.616364983359503, 48.030444645858836 ], [ -90.619949194871907, 48.030583245193597 ], [ -90.620745688400234, 48.030614032533698 ], [ -90.622338677726404, 48.030675593564382 ], [ -90.622316117830053, 48.030947237438149 ], [ -90.622714367297903, 48.030962624932258 ], [ -90.623112616954757, 48.030978011288937 ], [ -90.623510866800729, 48.030993396508045 ], [ -90.623488311706012, 48.031265040894908 ], [ -90.623886563404596, 48.031280425056785 ], [ -90.624284815292214, 48.031295808081104 ], [ -90.624262263335638, 48.031567452900894 ], [ -90.62505877100503, 48.03159821569735 ], [ -90.625036222186651, 48.031869860950053 ], [ -90.625832733939248, 48.031900619356691 ], [ -90.625810188259138, 48.03217226504227 ], [ -90.626606704094897, 48.032203019059104 ], [ -90.62658416155314, 48.032474665177567 ], [ -90.627380681471905, 48.032505414804518 ], [ -90.627778941714681, 48.032520787911686 ], [ -90.628177202146361, 48.032536159881367 ], [ -90.628109593351581, 48.033351100834203 ], [ -90.62771132792885, 48.033335728624337 ], [ -90.627688789622425, 48.033607376074094 ], [ -90.627290522724877, 48.03359200264665 ], [ -90.62717782004033, 48.034950243587005 ], [ -90.626779545013008, 48.034934868621647 ], [ -90.626757002245512, 48.03520651754804 ], [ -90.626734459289068, 48.035478166747332 ], [ -90.625937903145982, 48.035447413083496 ], [ -90.625960449430025, 48.035175764044332 ], [ -90.625982995525106, 48.034904115278081 ], [ -90.625584721064598, 48.03488873689998 ], [ -90.625186446793151, 48.034873357384271 ], [ -90.624788172710652, 48.03485797673104 ], [ -90.624765621624235, 48.035129625256964 ], [ -90.623969070698806, 48.035098860377559 ], [ -90.623946516095771, 48.035370509016118 ], [ -90.623548239252813, 48.035355124789938 ], [ -90.623525682796924, 48.035626773621175 ], [ -90.623480569317991, 48.036170072102308 ], [ -90.623458012294904, 48.03644172175219 ], [ -90.623435455082742, 48.036713371674928 ], [ -90.623037170109711, 48.036697985910465 ], [ -90.62301461104461, 48.036969636025951 ], [ -90.622616324596805, 48.036954249043731 ], [ -90.62257120257155, 48.037497549933235 ], [ -90.623367782311817, 48.03752832308065 ], [ -90.623345224343339, 48.037799974095073 ], [ -90.624141808167707, 48.037830742852364 ], [ -90.624119253338009, 48.038102394299969 ], [ -90.624915841246533, 48.038133158666952 ], [ -90.624870737675749, 48.038676462701758 ], [ -90.625667332996173, 48.038707222838703 ], [ -90.625644784255201, 48.03897887542572 ], [ -90.626043083862939, 48.038994253867848 ], [ -90.626020536596926, 48.039265906808041 ], [ -90.625622235325181, 48.039250528285777 ], [ -90.625577136898144, 48.039793834824941 ], [ -90.625178832487393, 48.039778455004814 ], [ -90.625133729976199, 48.04032176247572 ], [ -90.625532037715033, 48.040337142456096 ], [ -90.625930345642885, 48.040352521298857 ], [ -90.625907797431864, 48.040624175604158 ], [ -90.626306107212798, 48.040639553389326 ], [ -90.626283560476836, 48.04091120804776 ], [ -90.626261013551883, 48.041182862979284 ], [ -90.626659326849932, 48.041198239786979 ], [ -90.626569143916583, 48.042284862564514 ], [ -90.626546597710743, 48.04255651894173 ], [ -90.626456410997392, 48.043643147181811 ], [ -90.62605808272184, 48.043627769653057 ], [ -90.62603553390673, 48.04389942731585 ], [ -90.625967886327274, 48.044714401943494 ], [ -90.625945336756075, 48.044986060699117 ], [ -90.625922786995815, 48.045257719727957 ], [ -90.625832586064391, 48.046344358575837 ], [ -90.625787484464411, 48.046887679639426 ], [ -90.625719830646531, 48.047702663284603 ], [ -90.626118183887087, 48.047718042015383 ], [ -90.62607308372543, 48.048261365972401 ], [ -90.626471440483996, 48.048276743725559 ], [ -90.626448891784079, 48.048548406194314 ], [ -90.626847250396139, 48.048563782889765 ], [ -90.626824703171664, 48.04883544571193 ], [ -90.62722306363726, 48.04885082134966 ], [ -90.627200517888269, 48.049122484525363 ], [ -90.627997242715438, 48.049153232547432 ], [ -90.627907071145628, 48.050239888625342 ], [ -90.628305440500924, 48.05025526125003 ], [ -90.628260356911213, 48.050798591089809 ], [ -90.628658729784632, 48.050813962736804 ], [ -90.628636189370908, 48.051085628146993 ], [ -90.628613648768223, 48.05135729383062 ], [ -90.628591107976533, 48.051628959787784 ], [ -90.628192730109234, 48.05161358790037 ], [ -90.628170187463923, 48.051885254050937 ], [ -90.627771808120926, 48.051869880945446 ], [ -90.627749263621951, 48.052141547289331 ], [ -90.622171949367626, 48.051926203207884 ], [ -90.622149381374371, 48.052197868702805 ], [ -90.622104244820207, 48.052741200513267 ], [ -90.622081676259285, 48.053012866828723 ], [ -90.622480061278168, 48.053028256266295 ], [ -90.62245749419273, 48.053299922935565 ], [ -90.622434926918118, 48.053571589878338 ], [ -90.622412359454273, 48.05384325709467 ], [ -90.622389791801226, 48.054114924584624 ], [ -90.62236722395896, 48.054386592348145 ], [ -90.621968830616439, 48.054371202509493 ], [ -90.621901120959976, 48.055186207200919 ], [ -90.621502722812352, 48.05517081598358 ], [ -90.621276995007975, 48.057887515272768 ], [ -90.62167540980434, 48.057902907292501 ], [ -90.621607692767171, 48.058717922657173 ], [ -90.622006112747698, 48.05873331377947 ], [ -90.621915827375076, 48.059820005085953 ], [ -90.621517400734504, 48.059804613642669 ], [ -90.621494827253144, 48.060076287073478 ], [ -90.621096399136789, 48.06006089441177 ], [ -90.621073823801083, 48.060332568036237 ], [ -90.620276964806209, 48.060301779138022 ], [ -90.620254385951071, 48.060573452875722 ], [ -90.618262233451915, 48.060496460311867 ], [ -90.618239646082074, 48.060768133921989 ], [ -90.617841214485296, 48.060752731914619 ], [ -90.61768308593723, 48.062654454290872 ], [ -90.618081529189894, 48.062669856860445 ], [ -90.618036351230288, 48.063213208736464 ], [ -90.618434798002724, 48.063228610328508 ], [ -90.618833244964577, 48.063244010782341 ], [ -90.618788072908174, 48.063787364075239 ], [ -90.619186523389814, 48.063802763551543 ], [ -90.619163938742744, 48.064074440689204 ], [ -90.619562391079072, 48.064089839107623 ], [ -90.619539807907884, 48.064361516599618 ], [ -90.619517224547323, 48.064633194365506 ], [ -90.619915680403551, 48.064648591806325 ], [ -90.619893098518915, 48.064920269926496 ], [ -90.620291556229731, 48.064935666309367 ], [ -90.62026897582102, 48.065207344783936 ], [ -90.620667435386565, 48.065222740108837 ], [ -90.621065895141442, 48.065238134295626 ], [ -90.621043317874026, 48.065509813204713 ], [ -90.622637165447912, 48.065571378890553 ], [ -90.622659736054004, 48.06529969966045 ], [ -90.624253579994885, 48.065361246813701 ], [ -90.624276143750407, 48.065089567536624 ], [ -90.625471523696845, 48.065135715709594 ], [ -90.625494082267195, 48.064864036465849 ], [ -90.626290999846702, 48.064894796063037 ], [ -90.626268444607007, 48.065166475467066 ], [ -90.627065366273783, 48.065197230671728 ], [ -90.627042814175638, 48.065468910510241 ], [ -90.628636666439803, 48.065530407581534 ], [ -90.628591574999135, 48.066073768722092 ], [ -90.627396175525092, 48.066027647144935 ], [ -90.627351073335731, 48.066571008900681 ], [ -90.626952603891851, 48.066555632604796 ], [ -90.626862390582019, 48.067642359084495 ], [ -90.626839836781741, 48.067914041389628 ], [ -90.626817282792317, 48.068185723968931 ], [ -90.626418803544794, 48.068170346053591 ], [ -90.626396247700711, 48.068442028826873 ], [ -90.625997766976866, 48.068426649693002 ], [ -90.625975209278124, 48.068698332660162 ], [ -90.624779763245158, 48.068652188188132 ], [ -90.624757200360705, 48.06892387118873 ], [ -90.624358717062591, 48.068908487341218 ], [ -90.62433615232338, 48.06918017053583 ], [ -90.623937667549029, 48.069164785469752 ], [ -90.623915100955045, 48.069436468858271 ], [ -90.624313587394951, 48.069451854004562 ], [ -90.624291022277262, 48.069723537747493 ], [ -90.624689510571997, 48.069738921835715 ], [ -90.624666946930645, 48.070010605933106 ], [ -90.625065437080167, 48.070025988963245 ], [ -90.626659399570244, 48.0700875097005 ], [ -90.626636844067619, 48.070359194473205 ], [ -90.627035336828627, 48.070374571891911 ], [ -90.629824791451284, 48.070482181949316 ], [ -90.631020274839827, 48.070528283470153 ], [ -90.632614255337273, 48.070589736227753 ], [ -90.633012750934014, 48.070605096571235 ], [ -90.6329902218923, 48.070876782900818 ], [ -90.63378721698399, 48.07090750033305 ], [ -90.633764691084664, 48.071179187097023 ], [ -90.634561690263297, 48.071209900135962 ], [ -90.634539167506432, 48.071481587334482 ], [ -90.634937669044788, 48.071496942226553 ], [ -90.63491514776473, 48.071768629779427 ], [ -90.635313651157674, 48.071783983613138 ], [ -90.635291131354464, 48.072055671520339 ], [ -90.636885153477564, 48.072117075791738 ], [ -90.63728365948036, 48.072132424013667 ], [ -90.637306170954943, 48.071860735706018 ], [ -90.638103180195557, 48.071891428574482 ], [ -90.638125688149927, 48.071619740381081 ], [ -90.63814819591552, 48.0713480524619 ], [ -90.638546697487556, 48.071363397028506 ], [ -90.638569203398689, 48.071091709303595 ], [ -90.639366203777556, 48.071122394861519 ], [ -90.63938870616856, 48.070850707250834 ], [ -90.63978720497542, 48.070866048242181 ], [ -90.640584203155143, 48.070896726809856 ], [ -90.640606700360436, 48.070625039233356 ], [ -90.640629197377052, 48.070353351931153 ], [ -90.641824686067636, 48.070399360764824 ], [ -90.641847177898612, 48.070127673496934 ], [ -90.642245672840431, 48.070143007418096 ], [ -90.642644167970872, 48.070158340200919 ], [ -90.642689144404372, 48.069614966167791 ], [ -90.643486128568398, 48.069645627998533 ], [ -90.643508613171022, 48.069373941233394 ], [ -90.645102577099266, 48.069435250914843 ], [ -90.645080099159188, 48.069706937999783 ], [ -90.645057621030588, 48.069978625358921 ], [ -90.645012664207854, 48.070522000899956 ], [ -90.645411162323867, 48.070537325794135 ], [ -90.645809660628387, 48.070552649550024 ], [ -90.645787185265633, 48.070824337891764 ], [ -90.646584185771474, 48.070854982148184 ], [ -90.646539241143358, 48.071398359974225 ], [ -90.646937745010462, 48.071413680554727 ], [ -90.647336249065944, 48.071428999996797 ], [ -90.647313779800683, 48.071700689481005 ], [ -90.648110791808577, 48.071731325109795 ], [ -90.648088325686416, 48.07200301502818 ], [ -90.648486833638756, 48.072018331214906 ], [ -90.649283850108588, 48.072048960172999 ], [ -90.64912661695989, 48.073950798961135 ], [ -90.649081691507618, 48.074494183941525 ], [ -90.649059228498885, 48.074765876843287 ], [ -90.648969374579949, 48.075852651194879 ], [ -90.649766438447983, 48.075883277836063 ], [ -90.649743977829203, 48.07615497226989 ], [ -90.650541045782703, 48.0761855945169 ], [ -90.650518588307534, 48.076457289384969 ], [ -90.650917124232848, 48.076472598880557 ], [ -90.650894668235352, 48.076744294103079 ], [ -90.651293206014984, 48.076759602540008 ], [ -90.651270751495176, 48.07703129811685 ], [ -90.651669291129224, 48.077046605495198 ], [ -90.65160193143798, 48.077861694112556 ], [ -90.651203386805719, 48.077846386494564 ], [ -90.651113564583, 48.07893317484212 ], [ -90.651512115879697, 48.078948482779495 ], [ -90.651422297308017, 48.080035275840075 ], [ -90.651820855457771, 48.080050582958378 ], [ -90.651753494550022, 48.080865680877153 ], [ -90.651354931401613, 48.08085037351924 ], [ -90.651332475722768, 48.081122073294914 ], [ -90.650933911096473, 48.081106764718498 ], [ -90.650911453563012, 48.081378464689031 ], [ -90.650114321543057, 48.081347843960543 ], [ -90.649715755815663, 48.081332531888442 ], [ -90.649670830185954, 48.08187593217415 ], [ -90.650069399245922, 48.081891244406066 ], [ -90.650046937814736, 48.082162945040906 ], [ -90.649648367088488, 48.08214763272904 ], [ -90.649625903802573, 48.082419333558697 ], [ -90.649227331598496, 48.082404020028306 ], [ -90.64920486645785, 48.082675721052759 ], [ -90.649182401128769, 48.082947422351907 ], [ -90.648783825780427, 48.082932107523042 ], [ -90.648761358596545, 48.083203809017085 ], [ -90.649159935611237, 48.083219123925879 ], [ -90.649137469905256, 48.083490825774604 ], [ -90.649115004010838, 48.083762527898081 ], [ -90.649513584546668, 48.083777841828088 ], [ -90.64991216527099, 48.083793154619457 ], [ -90.649889702520895, 48.084064857177587 ], [ -90.650288285100032, 48.084080168910134 ], [ -90.650265823827922, 48.08435187182296 ], [ -90.650664408261832, 48.084367182496791 ], [ -90.650641948467737, 48.084638885764271 ], [ -90.651040534756532, 48.084654195379301 ], [ -90.651018076440479, 48.084925899001576 ], [ -90.65141666458409, 48.084941207557769 ], [ -90.651394207746094, 48.085212911534811 ], [ -90.651792797744562, 48.085228219032231 ], [ -90.654981524511967, 48.08535063801812 ], [ -90.654959082483956, 48.085622342988835 ], [ -90.656154863127853, 48.08566823155936 ], [ -90.656177300156372, 48.085396526349165 ], [ -90.656575892414224, 48.085411820182081 ], [ -90.657373077494626, 48.085442404431781 ], [ -90.657771670317089, 48.08545769484855 ], [ -90.659764637251357, 48.08553412985156 ], [ -90.660163231202546, 48.08554941343597 ], [ -90.660185651377873, 48.085277707702772 ], [ -90.660584243850607, 48.085292990068744 ], [ -90.660606662171361, 48.085021284530633 ], [ -90.661403844347973, 48.085051845686863 ], [ -90.661802435718343, 48.085067124556893 ], [ -90.661824848851552, 48.08479541905443 ], [ -90.663419209547001, 48.084856522828581 ], [ -90.663817800190742, 48.084871795925267 ], [ -90.664614982042139, 48.084902338702683 ], [ -90.664637383321946, 48.084630632916962 ], [ -90.665035972863024, 48.084645902517877 ], [ -90.665434562591955, 48.084661170980027 ], [ -90.666630332906067, 48.084706969534359 ], [ -90.667028923386496, 48.084722233441674 ], [ -90.667427514054751, 48.084737496210295 ], [ -90.668623287186279, 48.084783277683812 ], [ -90.668600902571541, 48.085054984266201 ], [ -90.668999495657488, 48.085070242559546 ], [ -90.669796682392587, 48.085100755730124 ], [ -90.669729542420711, 48.085915877843036 ], [ -90.670526739906123, 48.085946386936385 ], [ -90.670504362873189, 48.086218095016363 ], [ -90.670902963564004, 48.086233347934531 ], [ -90.670656822145446, 48.089222155837284 ], [ -90.670634444526527, 48.089493867296589 ], [ -90.671033065405268, 48.089509120031259 ], [ -90.670965936422533, 48.090324256298452 ], [ -90.670898805750284, 48.091139395041324 ], [ -90.671297436817582, 48.091154647115026 ], [ -90.67125268543117, 48.091698074478323 ], [ -90.669658148953587, 48.091637058713644 ], [ -90.669680531408119, 48.091365345212921 ], [ -90.669281899424973, 48.091350088504214 ], [ -90.669259515303594, 48.091621801925307 ], [ -90.66806361548042, 48.091576024727011 ], [ -90.668041226170615, 48.091847738184264 ], [ -90.667642591604988, 48.091832476760693 ], [ -90.667620200440496, 48.092104190413423 ], [ -90.667221564395874, 48.092088927771343 ], [ -90.667199171376637, 48.092360641619436 ], [ -90.666401896517144, 48.092330112759356 ], [ -90.66560462240929, 48.092299579343653 ], [ -90.665582222534596, 48.092571293148197 ], [ -90.665183584095601, 48.092556024652382 ], [ -90.665161182366077, 48.092827738652296 ], [ -90.664762542448145, 48.092812468937815 ], [ -90.664363902718193, 48.092797198084455 ], [ -90.664341497466893, 48.093068912200131 ], [ -90.663942856257961, 48.093053640128147 ], [ -90.663920449151746, 48.09332535443928 ], [ -90.663521806463876, 48.093310081148672 ], [ -90.663499397502747, 48.093581795655254 ], [ -90.663100753335939, 48.093566521145938 ], [ -90.662702109357198, 48.093551245497871 ], [ -90.662679696874164, 48.093822960120072 ], [ -90.661483761065227, 48.093777126102921 ], [ -90.661461343393299, 48.094048840761054 ], [ -90.661062696832829, 48.094033560397769 ], [ -90.660664050460426, 48.094018278895511 ], [ -90.660641629266493, 48.094289993669342 ], [ -90.660242981415252, 48.094274710948419 ], [ -90.66022055836622, 48.094546425917606 ], [ -90.659423259894211, 48.094515856899434 ], [ -90.65940083332309, 48.09478757198432 ], [ -90.659002182702295, 48.094772285687043 ], [ -90.658979754276032, 48.095044000967299 ], [ -90.658581102176413, 48.095028713451292 ], [ -90.657783798541786, 48.094998135002427 ], [ -90.657761364926316, 48.095269850318473 ], [ -90.657738931122665, 48.095541565909762 ], [ -90.659333552480817, 48.095602718890319 ], [ -90.659355979616393, 48.095331002979712 ], [ -90.659754633759349, 48.095346288297705 ], [ -90.660153288090413, 48.095361572476733 ], [ -90.660175711703801, 48.095089856681767 ], [ -90.660574364556012, 48.095105139642065 ], [ -90.660973017596362, 48.095120421463434 ], [ -90.660995437687617, 48.094848705784187 ], [ -90.661394089249029, 48.094863986386848 ], [ -90.6614165074852, 48.094592270902993 ], [ -90.662213807838242, 48.094622828531939 ], [ -90.662236222552366, 48.094351113163867 ], [ -90.662634871343997, 48.09436639019021 ], [ -90.662612458296863, 48.09463810563809 ], [ -90.663011108943493, 48.094653381605248 ], [ -90.662988697375326, 48.094925097408144 ], [ -90.662191392936066, 48.094894544175375 ], [ -90.662168977845838, 48.095166260093961 ], [ -90.661770324241246, 48.095150981689343 ], [ -90.661747907295933, 48.09542269780345 ], [ -90.662545218027219, 48.095453253633202 ], [ -90.662522804227919, 48.095724970182047 ], [ -90.662921461542638, 48.095740246468246 ], [ -90.662876636714003, 48.096283680551387 ], [ -90.662477976065148, 48.096268404105658 ], [ -90.662455561701691, 48.096540121480423 ], [ -90.662056899573756, 48.096524843815956 ], [ -90.662034483355143, 48.096796561386228 ], [ -90.661635819748184, 48.096781282503038 ], [ -90.661613401674387, 48.097053000268808 ], [ -90.66081607169059, 48.097022438925926 ], [ -90.660793650094448, 48.097294156807465 ], [ -90.659597651528287, 48.097248306011366 ], [ -90.659198985715847, 48.097233020134745 ], [ -90.659176557263095, 48.097504737972393 ], [ -90.658777889971716, 48.097489450876942 ], [ -90.658379222868518, 48.097474162642513 ], [ -90.658356790893308, 48.09774588059588 ], [ -90.657958122311243, 48.097730591142636 ], [ -90.655964782224316, 48.097654126791618 ], [ -90.655942340058076, 48.097925844541116 ], [ -90.655543670938357, 48.097910548174106 ], [ -90.655145002007004, 48.097895250668088 ], [ -90.652752992373834, 48.097803441713438 ], [ -90.651955657336558, 48.097772829616666 ], [ -90.651978116174007, 48.097501112666087 ], [ -90.651180785224625, 48.097470496173287 ], [ -90.650383455029115, 48.097439875124692 ], [ -90.648390132839012, 48.097363302571132 ], [ -90.647592805282798, 48.097332665576943 ], [ -90.647615282269697, 48.097060949781216 ], [ -90.646817958801876, 48.097030308391261 ], [ -90.646840438934291, 48.096758593030799 ], [ -90.647239098906851, 48.096773914215284 ], [ -90.647261577183627, 48.096502199050178 ], [ -90.648058894360432, 48.096532837842318 ], [ -90.648081369114564, 48.09626112279247 ], [ -90.648878683711501, 48.096291756868901 ], [ -90.648901154943033, 48.096020041934381 ], [ -90.649299810857315, 48.096035357184192 ], [ -90.649698466960061, 48.096050671295089 ], [ -90.649720934669048, 48.095778956475939 ], [ -90.649743402189543, 48.095507241932026 ], [ -90.649765869521545, 48.095235527663434 ], [ -90.649367218419798, 48.095220213792388 ], [ -90.649389687230268, 48.094948499878917 ], [ -90.647795091376153, 48.094887233325522 ], [ -90.647817566665921, 48.094615520007167 ], [ -90.647418919840689, 48.094600200601541 ], [ -90.647020273204035, 48.094584880057091 ], [ -90.646997794580386, 48.094856593215468 ], [ -90.646599146465434, 48.094841271452026 ], [ -90.645801850801234, 48.094810624508483 ], [ -90.645403203252073, 48.094795299328347 ], [ -90.645380717772056, 48.095067012441902 ], [ -90.644982068744653, 48.095051686042865 ], [ -90.644184771255738, 48.095021029828061 ], [ -90.644162280586229, 48.09529274297676 ], [ -90.643763630457883, 48.095277413080971 ], [ -90.643741137932707, 48.095549126424885 ], [ -90.642943834908166, 48.095518463056464 ], [ -90.64254518367899, 48.095503129663896 ], [ -90.641747881786955, 48.095472459461973 ], [ -90.641770382646897, 48.095200746518337 ], [ -90.64097308484385, 48.095170071920997 ], [ -90.640995588848881, 48.094898359412753 ], [ -90.640596941897456, 48.094883020485803 ], [ -90.640619447380615, 48.094611308332816 ], [ -90.640220802284915, 48.094595968347058 ], [ -90.640243309246145, 48.094324256549356 ], [ -90.639446022955084, 48.094293573321401 ], [ -90.639047380092805, 48.09427822999907 ], [ -90.639024868130875, 48.094549941556501 ], [ -90.639002355980097, 48.094821653389012 ], [ -90.638603709972884, 48.094806308767645 ], [ -90.638581195966296, 48.095078020795249 ], [ -90.638513652813245, 48.095893158529513 ], [ -90.638115000327176, 48.095877812448734 ], [ -90.638092483898077, 48.096149525497125 ], [ -90.637295176158773, 48.096118829758559 ], [ -90.637272656206804, 48.096390542921952 ], [ -90.63687400095354, 48.096375193264151 ], [ -90.636851479145648, 48.096646906622595 ], [ -90.636452822414398, 48.096631555745759 ], [ -90.63643029875054, 48.096903269299389 ], [ -90.636031640541219, 48.096887917203404 ], [ -90.63600911502138, 48.097159630952142 ], [ -90.635610455334032, 48.097144277637042 ], [ -90.635211795835687, 48.097128923183 ], [ -90.634813136526404, 48.097113567590064 ], [ -90.634414477406096, 48.097098210858249 ], [ -90.633617159732651, 48.097067493977654 ], [ -90.63321850117957, 48.097052133828967 ], [ -90.632819842815522, 48.097036772541351 ], [ -90.632842381671381, 48.096765059434183 ], [ -90.632443725163441, 48.096749697087837 ], [ -90.632045068844633, 48.096734333602598 ], [ -90.632067610845382, 48.096462620931021 ], [ -90.631668956382626, 48.096447256387101 ], [ -90.631691499861191, 48.096175544070995 ], [ -90.631292847254542, 48.096160178468402 ], [ -90.631315392210922, 48.095888466507787 ], [ -90.630916741460368, 48.095873099846415 ], [ -90.63093928789452, 48.095601388241327 ], [ -90.630141990294788, 48.095570651662506 ], [ -90.629743341778664, 48.095555281664772 ], [ -90.62894604531408, 48.09552453825264 ], [ -90.628923490545318, 48.095796249456519 ], [ -90.628524840929913, 48.09578087596185 ], [ -90.628502284305, 48.096052587360681 ], [ -90.628103633211921, 48.09603721264687 ], [ -90.628081074730815, 48.096308924240645 ], [ -90.628058516060463, 48.096580636109735 ], [ -90.627659861822792, 48.096565260096448 ], [ -90.627637301296204, 48.096836972160375 ], [ -90.626441334717924, 48.096790837046129 ], [ -90.626418769001134, 48.097062549144525 ], [ -90.626020112186737, 48.097047168414953 ], [ -90.625621455561628, 48.097031786546516 ], [ -90.625598886321555, 48.097303498759508 ], [ -90.624402912581544, 48.097257346079623 ], [ -90.624380338151141, 48.097529058326934 ], [ -90.623981678949576, 48.097513671742114 ], [ -90.623959102662795, 48.097785384184355 ], [ -90.623560441983642, 48.097769996380293 ], [ -90.623537863840426, 48.098041709017501 ], [ -90.623492706985701, 48.098585135117787 ], [ -90.623094041494966, 48.098569745933709 ], [ -90.623026299790922, 48.099384886908013 ], [ -90.623003718844004, 48.099656601116784 ], [ -90.623402391003026, 48.099671990622319 ], [ -90.623357231875005, 48.100215420026764 ], [ -90.624553259491464, 48.100261582191642 ], [ -90.624530684644711, 48.100533297547976 ], [ -90.624929362562867, 48.100548682738633 ], [ -90.625328040670396, 48.100564066790348 ], [ -90.626922754994212, 48.100625591607113 ], [ -90.626945319838086, 48.100353875768825 ], [ -90.628540030522487, 48.10041538204046 ], [ -90.628938708666752, 48.100430755760819 ], [ -90.629736065523133, 48.100461499784757 ], [ -90.629713512349412, 48.100733216185048 ], [ -90.630112192728632, 48.100748586568749 ], [ -90.630089641032853, 48.101020303324795 ], [ -90.630488323268423, 48.1010356726498 ], [ -90.630443222643635, 48.101579107148687 ], [ -90.630420672047435, 48.101850824811272 ], [ -90.630819359473918, 48.101866193237981 ], [ -90.630796810355747, 48.102137911256342 ], [ -90.631195499638665, 48.102153278624307 ], [ -90.631150404169276, 48.102696715647959 ], [ -90.630353019123532, 48.102665979451963 ], [ -90.630285364496672, 48.103481136572093 ], [ -90.629886667255789, 48.103465766524721 ], [ -90.629864113667708, 48.103737486035506 ], [ -90.629465414948683, 48.103722114768793 ], [ -90.629442859504039, 48.103993834474899 ], [ -90.629044159306929, 48.103978461988753 ], [ -90.629021602005679, 48.104250181890116 ], [ -90.628622900330484, 48.104234808184678 ], [ -90.628600341172586, 48.104506528281249 ], [ -90.628201638019377, 48.104491153356392 ], [ -90.62817907700483, 48.104762873648212 ], [ -90.627780372373493, 48.104747497504007 ], [ -90.626584259615527, 48.104701362236838 ], [ -90.62656169174214, 48.104973082482999 ], [ -90.626162986200796, 48.104957701702027 ], [ -90.626140416470648, 48.105229422143431 ], [ -90.625741709451304, 48.105214040143082 ], [ -90.62571913786438, 48.105485760779722 ], [ -90.624921721059124, 48.105454993201043 ], [ -90.624899145947978, 48.105726713952556 ], [ -90.624500436162052, 48.105711328374262 ], [ -90.623703017158576, 48.105680553800291 ], [ -90.62368043685575, 48.105952274586279 ], [ -90.62328172597077, 48.105936885510282 ], [ -90.62325914381104, 48.106208606491506 ], [ -90.622860431448117, 48.106193216196012 ], [ -90.622837847431455, 48.106464937372444 ], [ -90.622439133590646, 48.106449545857423 ], [ -90.622416547717037, 48.106721267229148 ], [ -90.622393961653884, 48.106992988876463 ], [ -90.621596527870921, 48.106962202107503 ], [ -90.621573938283305, 48.10723392386965 ], [ -90.620776501923672, 48.107203132383312 ], [ -90.620753908811523, 48.107474854260225 ], [ -90.620355189248556, 48.107459456727973 ], [ -90.61915903169735, 48.107413257296308 ], [ -90.618760312892846, 48.10739785520741 ], [ -90.618737711253672, 48.107669576957939 ], [ -90.618338990971338, 48.107654173649472 ], [ -90.617940270878748, 48.107638769201941 ], [ -90.617541550975773, 48.107623363615261 ], [ -90.617142831262484, 48.107607956889439 ], [ -90.616744111738925, 48.10759254902451 ], [ -90.616721501572613, 48.107864270648236 ], [ -90.61751894414445, 48.107895085399925 ], [ -90.617496337123427, 48.108166807460314 ], [ -90.617895060361391, 48.108182213207982 ], [ -90.617872454818198, 48.108453935624532 ], [ -90.617473729912703, 48.108438529796395 ], [ -90.617451122512264, 48.108710252408223 ], [ -90.61705239612894, 48.108694845360453 ], [ -90.617029786871271, 48.108966568167446 ], [ -90.616631059010132, 48.108951159900059 ], [ -90.615833603857112, 48.108920339947808 ], [ -90.615810989407038, 48.109192062789027 ], [ -90.615765759937602, 48.109735509298652 ], [ -90.616164492421959, 48.109750920085894 ], [ -90.61614187907017, 48.110022643834874 ], [ -90.616540613411829, 48.110038053563386 ], [ -90.616563225096016, 48.109766329733937 ], [ -90.616961957959887, 48.109781738242773 ], [ -90.617360691013474, 48.109797145612475 ], [ -90.617759424256775, 48.109812551843007 ], [ -90.617736817575405, 48.110084275913934 ], [ -90.618135552675952, 48.110099681085721 ], [ -90.61853428796627, 48.110115085118309 ], [ -90.618556891312437, 48.109843360886451 ], [ -90.619354359126788, 48.109874165373206 ], [ -90.619376958948081, 48.109602441256158 ], [ -90.61939955857973, 48.109330717414892 ], [ -90.619798289436218, 48.10934611778854 ], [ -90.620994483143335, 48.109392312074604 ], [ -90.621393214758257, 48.109407707891556 ], [ -90.621370623464557, 48.109679432135039 ], [ -90.621348031981299, 48.109951156654283 ], [ -90.622145502450266, 48.109981945192388 ], [ -90.622122914112694, 48.110253670148253 ], [ -90.622100325585563, 48.110525395379831 ], [ -90.621701586921034, 48.110510001519508 ], [ -90.621678996536687, 48.110781726946527 ], [ -90.621280256394058, 48.110766331866593 ], [ -90.620881516441017, 48.110750935647495 ], [ -90.620858922531781, 48.111022661189388 ], [ -90.620836328432929, 48.111294387007106 ], [ -90.620437585334187, 48.111278989487879 ], [ -90.620392393232279, 48.111822441789954 ], [ -90.620347200371896, 48.112365895195232 ], [ -90.620324603657252, 48.112637622311773 ], [ -90.620723355094597, 48.112653020233175 ], [ -90.620678164431979, 48.11319647545465 ], [ -90.621076919394525, 48.113211872397784 ], [ -90.621874429888436, 48.113242662866149 ], [ -90.62185183927609, 48.113514391132014 ], [ -90.622250596475155, 48.113529784737757 ], [ -90.622649353863849, 48.113545177204195 ], [ -90.623048111442102, 48.113560568531355 ], [ -90.623070697051034, 48.113288840024254 ], [ -90.62346945315096, 48.113304230131753 ], [ -90.623446869209815, 48.113575958719331 ], [ -90.623845627167128, 48.113591347767979 ], [ -90.623823044704281, 48.113863076711802 ], [ -90.625019324716661, 48.113909237263307 ], [ -90.625041902176008, 48.11363750807827 ], [ -90.626238178890148, 48.113683658135066 ], [ -90.626260751156579, 48.11341192898481 ], [ -90.626659508772292, 48.113427309978171 ], [ -90.627457024572038, 48.11345806854704 ], [ -90.627434457309107, 48.113729797938326 ], [ -90.628630737432502, 48.11377592748812 ], [ -90.629428258461502, 48.113806674824822 ], [ -90.629450817385262, 48.11353494503183 ], [ -90.631444614931382, 48.113611793034572 ], [ -90.631843375008401, 48.113627159217231 ], [ -90.632640895730063, 48.113657888164809 ], [ -90.63303965637472, 48.113673250929608 ], [ -90.633837178231573, 48.113703973041353 ], [ -90.634634700845098, 48.113734690595976 ], [ -90.634657237897557, 48.113462960035221 ], [ -90.635055997820146, 48.113478317023393 ], [ -90.63507853301563, 48.113206586658322 ], [ -90.635876050092421, 48.113237297056202 ], [ -90.635898581763101, 48.112965566806665 ], [ -90.636297338917331, 48.112980920216465 ], [ -90.636319868731093, 48.112709190162605 ], [ -90.636718624406512, 48.112724542352929 ], [ -90.636741152363399, 48.112452812494695 ], [ -90.63713990656008, 48.112468163465579 ], [ -90.637162432660119, 48.112196433803042 ], [ -90.637561185378061, 48.112211783554372 ], [ -90.637583709621254, 48.111940054087576 ], [ -90.638779963905662, 48.111986096265497 ], [ -90.638802482956493, 48.111714366834008 ], [ -90.638403733007124, 48.111699020660815 ], [ -90.638426253536764, 48.11142729158535 ], [ -90.638825001818361, 48.111442637678373 ], [ -90.63884752049124, 48.111170908798577 ], [ -90.639246267294041, 48.111186253672187 ], [ -90.639645014285804, 48.111201597406556 ], [ -90.640043761466444, 48.111216940001647 ], [ -90.640066274947117, 48.110945211157265 ], [ -90.641661258887993, 48.111006569824688 ], [ -90.642060005345428, 48.111021906643394 ], [ -90.642458751991725, 48.111037242322915 ], [ -90.642503758373408, 48.110493784499937 ], [ -90.64252626128102, 48.110222056002165 ], [ -90.642127519637924, 48.110206720563049 ], [ -90.642150024024389, 48.109934992421231 ], [ -90.641352544640199, 48.109904318285565 ], [ -90.641375052173203, 48.1096325905798 ], [ -90.640976314432137, 48.109617251883229 ], [ -90.640998823443951, 48.10934552453336 ], [ -90.641397559517344, 48.10936086314981 ], [ -90.641420066672595, 48.109089135995603 ], [ -90.641818801267235, 48.109104473392684 ], [ -90.641796295779628, 48.109376200627018 ], [ -90.642593768870768, 48.109406872163738 ], [ -90.642992505699553, 48.109422206223364 ], [ -90.643391242717186, 48.109437539143705 ], [ -90.644188717318798, 48.109468201566834 ], [ -90.64538493063705, 48.109514186657286 ], [ -90.647378623275131, 48.10959080569026 ], [ -90.647401105415184, 48.10931907733486 ], [ -90.647799842841167, 48.109334397643721 ], [ -90.648198580455784, 48.109349716813412 ], [ -90.648221059071801, 48.109077988573688 ], [ -90.649417268044274, 48.109123939007318 ], [ -90.649816004745631, 48.109139253540135 ], [ -90.649838476502325, 48.108867525256137 ], [ -90.651832154498919, 48.108944080431726 ], [ -90.651854617728645, 48.108672352023596 ], [ -90.652253352225856, 48.10868765956107 ], [ -90.652652086911559, 48.108702965959374 ], [ -90.652674546617448, 48.108431237667077 ], [ -90.652697006134858, 48.108159509650555 ], [ -90.653095737673638, 48.108174814749766 ], [ -90.65311819533494, 48.107903086929049 ], [ -90.653516925394584, 48.107918390809019 ], [ -90.653539381199806, 48.107646663184049 ], [ -90.654336838549099, 48.107677267366661 ], [ -90.654359290830627, 48.107405539857652 ], [ -90.6559542011194, 48.107466734232702 ], [ -90.655976646542058, 48.107195006679618 ], [ -90.656375372917509, 48.10721030234555 ], [ -90.656397816484215, 48.106938574988327 ], [ -90.656796541380416, 48.106953869435202 ], [ -90.656774099481311, 48.107225596872262 ], [ -90.657571553173852, 48.107256182508046 ], [ -90.657970280302578, 48.107271473617175 ], [ -90.657947843218054, 48.107543201569662 ], [ -90.658346572202703, 48.107558491619436 ], [ -90.658745301375603, 48.107573780530046 ], [ -90.658722867438115, 48.107845508917976 ], [ -90.658700433312362, 48.108117237581617 ], [ -90.659099166008801, 48.108132525512715 ], [ -90.659076733362483, 48.108404254532026 ], [ -90.658677998998371, 48.108388966521034 ], [ -90.658655564496101, 48.108660695736198 ], [ -90.65863312980558, 48.10893242522711 ], [ -90.658234392294275, 48.108917135917224 ], [ -90.658189519013007, 48.109460595566745 ], [ -90.658588259859769, 48.109475885036439 ], [ -90.658543389160869, 48.11001934594892 ], [ -90.658942133531369, 48.110034634439124 ], [ -90.658919699567292, 48.110306365389 ], [ -90.659318445793872, 48.110321652819749 ], [ -90.65929601330933, 48.110593384125373 ], [ -90.660093509662815, 48.110623955728869 ], [ -90.66007108032565, 48.110895687470027 ], [ -90.660048650800277, 48.111167419487074 ], [ -90.660447402594954, 48.111182703739587 ], [ -90.660424974549187, 48.111454436112332 ], [ -90.660823728199986, 48.11146971930544 ], [ -90.660801301633853, 48.111741452033932 ], [ -90.66159881283572, 48.111772015161954 ], [ -90.661997568718931, 48.111787295017038 ], [ -90.662396324790308, 48.111802573732767 ], [ -90.663193837497445, 48.111833127746429 ], [ -90.663216254056366, 48.11156139453896 ], [ -90.663615009024269, 48.111576669757049 ], [ -90.664013764180268, 48.111591943835833 ], [ -90.664811275056479, 48.111622488575414 ], [ -90.66521003077672, 48.111637759236324 ], [ -90.665232438808161, 48.11136602590576 ], [ -90.666428702093413, 48.111411830813282 ], [ -90.66645110493323, 48.111140097519296 ], [ -90.66684985806981, 48.111155363463482 ], [ -90.666872259053761, 48.110883630365734 ], [ -90.667271010710479, 48.110898895090784 ], [ -90.667669762555107, 48.110914158676621 ], [ -90.667692160015406, 48.110642425695183 ], [ -90.668489660932934, 48.11067294928948 ], [ -90.668888411673564, 48.110688209377692 ], [ -90.668910803942367, 48.110416476432938 ], [ -90.669708302651742, 48.11044699303207 ], [ -90.669730691397007, 48.110175260203732 ], [ -90.670129439365681, 48.110190516714731 ], [ -90.67052818752218, 48.11020577208641 ], [ -90.670926935866575, 48.110221026318783 ], [ -90.670949319420501, 48.109949293527251 ], [ -90.671348066284907, 48.109964546540638 ], [ -90.67214556057715, 48.109995049149688 ], [ -90.672167938939779, 48.109723316394941 ], [ -90.672566684699802, 48.109738565910867 ], [ -90.672589061206835, 48.109466833352279 ], [ -90.672987805486841, 48.109482081649297 ], [ -90.673785294610042, 48.109512574825501 ], [ -90.67418403945328, 48.109527819704695 ], [ -90.674206409101359, 48.109256087103361 ], [ -90.675003896015326, 48.109286573284656 ], [ -90.675402639753869, 48.109301814666431 ], [ -90.675425004210865, 48.109030082102038 ], [ -90.675823746469291, 48.10904532226489 ], [ -90.676621231549063, 48.109075799172849 ], [ -90.676643590815033, 48.108804066645455 ], [ -90.677042331968622, 48.108819303310945 ], [ -90.677441073309808, 48.108834538837172 ], [ -90.677839814838549, 48.108849773224108 ], [ -90.67823855655493, 48.10886500647181 ], [ -90.678260908962159, 48.10859327390186 ], [ -90.678659649198337, 48.108608505930732 ], [ -90.679058389622071, 48.108623736820384 ], [ -90.679457130233288, 48.108638966570723 ], [ -90.679479477449618, 48.108367234037949 ], [ -90.680276955899188, 48.108397689961755 ], [ -90.680675695405228, 48.108412916214753 ], [ -90.681473174979715, 48.10844336530306 ], [ -90.681495513669688, 48.108171632648371 ], [ -90.681894252070364, 48.108186855404057 ], [ -90.682691729433998, 48.108217297497774 ], [ -90.683489207547325, 48.108247735034496 ], [ -90.683511537711013, 48.107976002257978 ], [ -90.683910275380939, 48.107991219237967 ], [ -90.68393260368947, 48.107719486657736 ], [ -90.684331339879066, 48.107734702419016 ], [ -90.684730076256002, 48.107749917040991 ], [ -90.684752401041678, 48.10747818457768 ], [ -90.685151135938156, 48.107493397980889 ], [ -90.687144813230333, 48.10756944790846 ], [ -90.687167127822192, 48.107297715244194 ], [ -90.687964596714451, 48.107328127081622 ], [ -90.688363331441366, 48.107343331291453 ], [ -90.688762066355537, 48.107358534362035 ], [ -90.689559536745435, 48.107388937085553 ], [ -90.689958272221148, 48.107404136738396 ], [ -90.690357007884032, 48.107419335251969 ], [ -90.691951952406754, 48.10748011791383 ], [ -90.691974246798367, 48.10720838457253 ], [ -90.694765395240935, 48.107314709814084 ], [ -90.694787677771146, 48.107042976193142 ], [ -90.695585147102236, 48.107073344421643 ], [ -90.697180088007826, 48.107134067207603 ], [ -90.697202360344491, 48.10686233338653 ], [ -90.697601094370413, 48.106877511155645 ], [ -90.697999828583235, 48.106892687785418 ], [ -90.69802209739747, 48.10662095408167 ], [ -90.698420830129351, 48.106636129492962 ], [ -90.698819563048104, 48.106651303764963 ], [ -90.698841828339994, 48.106379570178383 ], [ -90.699639291402519, 48.106409915146216 ], [ -90.700038023213963, 48.106425085921259 ], [ -90.700060283315793, 48.106153352372651 ], [ -90.700459013646338, 48.106168521929227 ], [ -90.700436755212252, 48.106440255557054 ], [ -90.700835487397313, 48.106455424053671 ], [ -90.701234219769148, 48.106470591410989 ], [ -90.701632952327685, 48.106485757629045 ], [ -90.701655205758513, 48.106214023763542 ], [ -90.702452668100378, 48.106244352623463 ], [ -90.702851399551321, 48.106259515344561 ], [ -90.703250131189023, 48.106274676926439 ], [ -90.703272377762161, 48.106002943019845 ], [ -90.704069838262072, 48.106033262607454 ], [ -90.704468568791967, 48.106048420692396 ], [ -90.70526603041175, 48.106078733444583 ], [ -90.705288268459498, 48.105806999417766 ], [ -90.705686997881529, 48.105822154005836 ], [ -90.706883187267223, 48.105867610934482 ], [ -90.707281917435537, 48.105882760965564 ], [ -90.707304146957981, 48.105611026818814 ], [ -90.707702875645126, 48.105626175631528 ], [ -90.707725103313308, 48.105354441681413 ], [ -90.708123830519256, 48.105369589275782 ], [ -90.708146056333206, 48.105097855522253 ], [ -90.708234957724002, 48.104010923265257 ], [ -90.708279407300438, 48.103467458790867 ], [ -90.708301631808922, 48.103195726967158 ], [ -90.708346080266423, 48.102652264146677 ], [ -90.707947369737056, 48.102637117343534 ], [ -90.707969595353674, 48.102365386425809 ], [ -90.707991820783789, 48.102093655783747 ], [ -90.708014046027429, 48.101821925417248 ], [ -90.707615340687241, 48.101806777712241 ], [ -90.706817930566444, 48.101776478884751 ], [ -90.70562181678423, 48.101731022099884 ], [ -90.705644051846562, 48.101459292483732 ], [ -90.705245349293122, 48.101444138022956 ], [ -90.70533429434667, 48.100357222630642 ], [ -90.70413820781576, 48.100311753363215 ], [ -90.704115966829846, 48.10058348156052 ], [ -90.70371727002528, 48.100568322780639 ], [ -90.70369502718529, 48.100840051174281 ], [ -90.703296328899881, 48.100824891176167 ], [ -90.703274084205773, 48.101096619766217 ], [ -90.702875384439594, 48.101081458549793 ], [ -90.702476684860017, 48.101066296194119 ], [ -90.70252118073148, 48.100522839606299 ], [ -90.702919876976111, 48.10053800180355 ], [ -90.702942122964387, 48.100266273843751 ], [ -90.703340817728176, 48.100281434822655 ], [ -90.703739512678652, 48.100296594662538 ], [ -90.703761755145393, 48.100024866819886 ], [ -90.704160448615056, 48.100040025441416 ], [ -90.70455914227135, 48.100055182923825 ], [ -90.704581381216599, 48.099783455198441 ], [ -90.704980073391994, 48.099798611462596 ], [ -90.704957836114161, 48.100070339267198 ], [ -90.706951308127017, 48.100146103896961 ], [ -90.70697353706764, 48.099874375696714 ], [ -90.707770923843555, 48.099904673416603 ], [ -90.707793149262784, 48.099632945333688 ], [ -90.708590533449808, 48.099663238338891 ], [ -90.708612755347701, 48.099391510373202 ], [ -90.709011446053481, 48.099406655088103 ], [ -90.70941013694565, 48.099421798663819 ], [ -90.709432355322249, 48.099150070815504 ], [ -90.710229734331108, 48.099180354391478 ], [ -90.710628424115086, 48.099195494470798 ], [ -90.711425804242282, 48.09922577121219 ], [ -90.711824494585386, 48.099240907874218 ], [ -90.711802286213356, 48.099512636196941 ], [ -90.712599670793438, 48.099542906261689 ], [ -90.712998363362985, 48.099558039585432 ], [ -90.713020566732723, 48.099286311025644 ], [ -90.713817949095755, 48.099316574097713 ], [ -90.714216640556728, 48.099331703925053 ], [ -90.715014024037345, 48.099361960162412 ], [ -90.715036218883625, 48.099090231483039 ], [ -90.715833599774328, 48.099120483005976 ], [ -90.716232290498979, 48.099135607058777 ], [ -90.716210100655033, 48.099407335975066 ], [ -90.716608793233263, 48.099422458967709 ], [ -90.717007485997726, 48.099437580821231 ], [ -90.716963112421141, 48.099981039796276 ], [ -90.717361808706698, 48.099996160668645 ], [ -90.717339623306657, 48.100267890648361 ], [ -90.71773832144585, 48.100283010460508 ], [ -90.717716137527162, 48.100554740794784 ], [ -90.718513537698954, 48.100584977159656 ], [ -90.718491356929178, 48.100856707927363 ], [ -90.718890058961804, 48.100871824480016 ], [ -90.718867879673454, 48.101143555602256 ], [ -90.719266583559673, 48.101158671094666 ], [ -90.719244405752789, 48.101430402571467 ], [ -90.719643111492715, 48.10144551700369 ], [ -90.719620935167299, 48.101717248834944 ], [ -90.720019642760889, 48.101732362206917 ], [ -90.719997467916997, 48.102004094392782 ], [ -90.720396177364236, 48.102019206704512 ], [ -90.720374004001869, 48.102290939244881 ], [ -90.721171426789681, 48.102321160608589 ], [ -90.721149256576524, 48.10259289358244 ], [ -90.72154796991714, 48.102608002634469 ], [ -90.721946683443761, 48.102623110547214 ], [ -90.722345397156346, 48.102638217320759 ], [ -90.722323231760086, 48.102909950807017 ], [ -90.723120663078618, 48.102940161094324 ], [ -90.723519379016778, 48.102955264529228 ], [ -90.723918095140945, 48.102970366824799 ], [ -90.723895936229368, 48.103242100902271 ], [ -90.72549080925593, 48.103302499008208 ], [ -90.72588952797733, 48.103317595686619 ], [ -90.725911678550503, 48.103045861214859 ], [ -90.726310395790037, 48.103060956675272 ], [ -90.726332544509688, 48.102789222400276 ], [ -90.727129976211046, 48.102819409745692 ], [ -90.727152121409517, 48.102547675588788 ], [ -90.72755083587127, 48.102562767473849 ], [ -90.727572979216276, 48.102291033513723 ], [ -90.727971692196121, 48.102306124180785 ], [ -90.727993833687691, 48.102034390417479 ], [ -90.729189968739163, 48.102079655346991 ], [ -90.729212105042052, 48.101807921622914 ], [ -90.730806947707094, 48.101868258598337 ], [ -90.730829077153714, 48.101596524834761 ], [ -90.731227786616643, 48.101611606151856 ], [ -90.731272041617629, 48.101068139294064 ], [ -90.732069454430018, 48.101098298195637 ], [ -90.732091578316826, 48.100826565022636 ], [ -90.732490283333831, 48.100841642685928 ], [ -90.732512405367416, 48.100569909709819 ], [ -90.732113702017998, 48.100554832125319 ], [ -90.732135825533533, 48.100283099503407 ], [ -90.732933229082917, 48.100313253375859 ], [ -90.733331931136064, 48.100328328603325 ], [ -90.73373063337479, 48.100343402691635 ], [ -90.734129335799039, 48.100358475640739 ], [ -90.735325444185221, 48.100403687653071 ], [ -90.735303334010283, 48.1006754209047 ], [ -90.735702038844352, 48.100690489375793 ], [ -90.735724147351689, 48.100418756045485 ], [ -90.73612285070368, 48.100433823298786 ], [ -90.736144957357936, 48.100162090165391 ], [ -90.736543659227848, 48.100177156200765 ], [ -90.736565764029052, 48.099905423264254 ], [ -90.736964464416801, 48.099920488081835 ], [ -90.737761865748794, 48.099950614299452 ], [ -90.737783965361871, 48.099678881402525 ], [ -90.738182664638472, 48.09969394272391 ], [ -90.738581364100426, 48.099709002906167 ], [ -90.739378763580646, 48.09973911985314 ], [ -90.73977746359877, 48.099754176617886 ], [ -90.739799554688673, 48.099482443603257 ], [ -90.740198253224662, 48.09949749915026 ], [ -90.740995650852653, 48.099527606826712 ], [ -90.741017736754543, 48.099255873851774 ], [ -90.741815131788655, 48.099285976814336 ], [ -90.742213829583676, 48.099301026586879 ], [ -90.742235910297651, 48.099029293651711 ], [ -90.742634606610395, 48.099044342206533 ], [ -90.743033303108362, 48.099059389622177 ], [ -90.743055380301996, 48.098787656805399 ], [ -90.743454075317715, 48.098802703003294 ], [ -90.743852770518671, 48.098817748062046 ], [ -90.746244945613213, 48.098907994492407 ], [ -90.747042338792639, 48.098938067522589 ], [ -90.747064399125748, 48.098666334195883 ], [ -90.747463094325511, 48.098681368923678 ], [ -90.747861789710413, 48.098696402512346 ], [ -90.747883846523365, 48.098424669304123 ], [ -90.748681234513256, 48.098454732907065 ], [ -90.748703287806094, 48.098182999817368 ], [ -90.749101980411112, 48.098198029831615 ], [ -90.749124031851395, 48.097926296938972 ], [ -90.749522722973936, 48.097941325735562 ], [ -90.749544772561705, 48.097669593039917 ], [ -90.749943462201742, 48.097684620618907 ], [ -90.749965509936999, 48.097412888120338 ], [ -90.751161574964513, 48.097457963787029 ], [ -90.751183617512353, 48.097186231328571 ], [ -90.751980991787136, 48.097216275920495 ], [ -90.751958952574256, 48.097488008535869 ], [ -90.752357641656545, 48.097503029201548 ], [ -90.752756330923745, 48.097518048728112 ], [ -90.753155020375786, 48.097533067115585 ], [ -90.753952399834589, 48.097563100472982 ], [ -90.755148470409111, 48.097608141965523 ], [ -90.755082391681484, 48.098423343346802 ], [ -90.754683696302536, 48.0984083304199 ], [ -90.754285001108471, 48.098393316353814 ], [ -90.754262971161182, 48.09866505054174 ], [ -90.753864274484371, 48.098650035258096 ], [ -90.753842242684655, 48.098921769643198 ], [ -90.75344354452514, 48.098906753141996 ], [ -90.753421510872982, 48.099178487724267 ], [ -90.752624111773486, 48.099148451147443 ], [ -90.75260207460127, 48.099420185848345 ], [ -90.752203373661274, 48.099405165772751 ], [ -90.752181334636546, 48.099676900670829 ], [ -90.751383929976114, 48.099646856945157 ], [ -90.751361887431244, 48.099918591961895 ], [ -90.75133984470142, 48.100190327254289 ], [ -90.752137256032327, 48.10022037129378 ], [ -90.752535961975184, 48.100235391604663 ], [ -90.75293466810291, 48.100250410776383 ], [ -90.75333337441559, 48.100265428808953 ], [ -90.753355408807266, 48.099993693124411 ], [ -90.753754113637186, 48.10000870993931 ], [ -90.753776146176364, 48.099736974451922 ], [ -90.754174849523537, 48.099751990049199 ], [ -90.75419688021023, 48.099480254759015 ], [ -90.754994284123867, 48.099510282379221 ], [ -90.75501631129049, 48.099238547207769 ], [ -90.755415011856982, 48.099253559230696 ], [ -90.755437037171205, 48.098981824256413 ], [ -90.756633134976639, 48.099026853254969 ], [ -90.756655155103303, 48.098755118321058 ], [ -90.757053853073756, 48.098770125630551 ], [ -90.757452551228923, 48.098785131800803 ], [ -90.757474567835686, 48.09851339698578 ], [ -90.758670658406942, 48.098558408426562 ], [ -90.758692669826289, 48.098286673651948 ], [ -90.759490061128758, 48.098316675426602 ], [ -90.759888757056999, 48.098331674605149 ], [ -90.760287453169866, 48.098346672644567 ], [ -90.760221438368774, 48.099161878734904 ], [ -90.760177427578185, 48.099705350839635 ], [ -90.760155421905921, 48.099977087305405 ], [ -90.759756715787418, 48.099962088796048 ], [ -90.759712700553607, 48.100505562397792 ], [ -90.759690692659703, 48.100777299612062 ], [ -90.759668684581143, 48.101049037101959 ], [ -90.759269971976536, 48.101034037140039 ], [ -90.759247962045578, 48.101305774827281 ], [ -90.75884924795794, 48.101290773647811 ], [ -90.758827236174582, 48.101562511532308 ], [ -90.758428520603971, 48.10154750913528 ], [ -90.758406506968171, 48.101819247217065 ], [ -90.758007789914501, 48.101804243602444 ], [ -90.757985774426231, 48.102075981881576 ], [ -90.758384493147659, 48.102090985574613 ], [ -90.758362479142406, 48.102362724207808 ], [ -90.758340464952454, 48.102634463116651 ], [ -90.757941742895497, 48.102619459266919 ], [ -90.757543021023281, 48.102604454277923 ], [ -90.757521003313016, 48.102876193305775 ], [ -90.756723556787364, 48.102846179753222 ], [ -90.756324833801671, 48.1028311712681 ], [ -90.75592611100079, 48.102816161643617 ], [ -90.755948135382184, 48.102544422929313 ], [ -90.755549414433887, 48.102529412244017 ], [ -90.755571440298212, 48.102257673883841 ], [ -90.754774002291668, 48.102227649252349 ], [ -90.754751973091814, 48.102499387455694 ], [ -90.753954532489161, 48.102469358110355 ], [ -90.753555812465109, 48.102454341728894 ], [ -90.753157092625969, 48.102439324208056 ], [ -90.752758372971726, 48.10242430554802 ], [ -90.752736335248201, 48.102696043634971 ], [ -90.752337614111184, 48.102681023757256 ], [ -90.75193889315905, 48.102666002740293 ], [ -90.75191685191507, 48.102937740946039 ], [ -90.751518129480118, 48.102922718711305 ], [ -90.751119407230135, 48.102907695337329 ], [ -90.750321963285174, 48.102877645171752 ], [ -90.749923241590182, 48.10286261838003 ], [ -90.749524520080257, 48.102847590449066 ], [ -90.749502468644678, 48.10311932845967 ], [ -90.749480417024074, 48.1033910667459 ], [ -90.750277866900092, 48.103421121782546 ], [ -90.750255818430034, 48.103692860501567 ], [ -90.750654545313381, 48.103707886389472 ], [ -90.751053272381711, 48.103722911138071 ], [ -90.751031227062256, 48.103994650289764 ], [ -90.751429955983426, 48.1040096739776 ], [ -90.751407912146817, 48.104281413483548 ], [ -90.751806642920798, 48.104296436110531 ], [ -90.753002836352437, 48.104341497155858 ], [ -90.752980799002273, 48.104613237251385 ], [ -90.753778265550423, 48.104643272408659 ], [ -90.754176999101801, 48.104658288278337 ], [ -90.754154966570326, 48.104930028885029 ], [ -90.754553701974515, 48.104945043693839 ], [ -90.754531670926042, 48.105216784654665 ], [ -90.754132933853953, 48.105201769767426 ], [ -90.754110900952696, 48.10547351092557 ], [ -90.753712162397647, 48.10545849482056 ], [ -90.75369012764358, 48.105730236176115 ], [ -90.752892647752262, 48.105700200391269 ], [ -90.752493908084006, 48.105685180789855 ], [ -90.752471868141257, 48.105956922185889 ], [ -90.752073126990084, 48.10594190136667 ], [ -90.751674386023808, 48.105926879408116 ], [ -90.75165234256022, 48.106198620923124 ], [ -90.751253600111013, 48.10618359774675 ], [ -90.75085485784679, 48.10616857343112 ], [ -90.750832810862335, 48.10644031506488 ], [ -90.750434067115236, 48.106425289531423 ], [ -90.750412018277814, 48.106697031362572 ], [ -90.750013273047742, 48.106682004611294 ], [ -90.749614528002695, 48.106666976720739 ], [ -90.749592475644306, 48.106938718670726 ], [ -90.749193729116413, 48.106923689562272 ], [ -90.74879498277356, 48.106908659314414 ], [ -90.748772926894162, 48.107180401383282 ], [ -90.748374179068406, 48.107165369917588 ], [ -90.747975431427747, 48.107150337312618 ], [ -90.747953372027311, 48.107422079500274 ], [ -90.747554622903834, 48.107407045677377 ], [ -90.746757125212213, 48.107376974613608 ], [ -90.746358376644181, 48.107361937372701 ], [ -90.745959628261275, 48.107346898992432 ], [ -90.745162132051036, 48.107316818813914 ], [ -90.745140060789552, 48.107588560727571 ], [ -90.744741311294334, 48.107573518850728 ], [ -90.743545063919939, 48.107528386384104 ], [ -90.743522985801292, 48.107800128259271 ], [ -90.741927985224194, 48.107739935371889 ], [ -90.741905900248298, 48.108011677208438 ], [ -90.741883815087064, 48.108283419321012 ], [ -90.74228256828934, 48.1082984694091 ], [ -90.742260484610796, 48.108570211876177 ], [ -90.742659239666452, 48.108585260903531 ], [ -90.743057994907446, 48.10860030879153 ], [ -90.743456750333678, 48.108615355540181 ], [ -90.744254261742071, 48.108645445619331 ], [ -90.744653017724175, 48.108660488949909 ], [ -90.744675091394569, 48.108388746011265 ], [ -90.745073845893813, 48.108403788123852 ], [ -90.745472600578339, 48.108418829097083 ], [ -90.746270110503005, 48.108448907625458 ], [ -90.74624804350475, 48.108720650878389 ], [ -90.747444314784687, 48.108765760361408 ], [ -90.747843072248259, 48.108780794576958 ], [ -90.747865132574319, 48.10850905100979 ], [ -90.749061401071785, 48.108554146584638 ], [ -90.749858914328826, 48.108584204604362 ], [ -90.750656428326096, 48.108614258066574 ], [ -90.751453943063538, 48.108644306971257 ], [ -90.751852700709776, 48.108659329714555 ], [ -90.752251458540968, 48.108674351318463 ], [ -90.752650216557157, 48.108689371782965 ], [ -90.752672256681478, 48.108417627549692 ], [ -90.753071013214566, 48.108432646796359 ], [ -90.753469769932607, 48.108447664903672 ], [ -90.753868526835518, 48.108462681871593 ], [ -90.753890561770703, 48.108190937678955 ], [ -90.754688072795261, 48.108220968039731 ], [ -90.754710104209437, 48.107949223966024 ], [ -90.755108858330956, 48.107964237358928 ], [ -90.755507612637388, 48.107979249612477 ], [ -90.755529640530625, 48.107707505657864 ], [ -90.755928393353869, 48.107722516693634 ], [ -90.756725899554823, 48.107752535347025 ], [ -90.757124652932532, 48.10776754296468 ], [ -90.757523406495068, 48.107782549442959 ], [ -90.757545425863285, 48.107510805372222 ], [ -90.757944177942548, 48.10752581063273 ], [ -90.758741682655341, 48.107555817735687 ], [ -90.75914043528887, 48.107570819578108 ], [ -90.759539188107084, 48.107585820281194 ], [ -90.759561198950365, 48.107314076094454 ], [ -90.759959950285307, 48.107329075579756 ], [ -90.759937941110053, 48.107600819844862 ], [ -90.760336694297749, 48.107615818269167 ], [ -90.760358701804932, 48.107344073925731 ], [ -90.760757453509257, 48.107359071132322 ], [ -90.76155495747183, 48.107389062127453 ], [ -90.761532954968757, 48.107660806705844 ], [ -90.761931708895105, 48.107675800572686 ], [ -90.762330463006066, 48.107690793300094 ], [ -90.762308463654463, 48.107962538311128 ], [ -90.762707219618065, 48.107977529977504 ], [ -90.762729217301583, 48.107705784888175 ], [ -90.763127971781756, 48.107720775336873 ], [ -90.76314996761262, 48.107449030445132 ], [ -90.763548720609336, 48.107464019676186 ], [ -90.763570714587573, 48.107192274982033 ], [ -90.763969466100747, 48.107207262995381 ], [ -90.763991458226386, 48.106935518498808 ], [ -90.764390208256145, 48.106950505294506 ], [ -90.764788958470433, 48.106965490950799 ], [ -90.764766969680863, 48.107237235603911 ], [ -90.765165721747721, 48.107252220199186 ], [ -90.765143734441679, 48.107523965206425 ], [ -90.765542488361064, 48.107538948740554 ], [ -90.765498516531579, 48.10808243973942 ], [ -90.765897273971675, 48.108097422290669 ], [ -90.765853304740375, 48.108640914549845 ], [ -90.765454543964083, 48.108625931841971 ], [ -90.765432557403557, 48.108897678307187 ], [ -90.765366596614925, 48.109712919358664 ], [ -90.76576536406381, 48.109727902379575 ], [ -90.765743378433413, 48.109999650026928 ], [ -90.766142147734982, 48.110014631986758 ], [ -90.766098179257071, 48.110558128266135 ], [ -90.766076194741359, 48.110829876819835 ], [ -90.765677420435154, 48.1108148946253 ], [ -90.765655434066687, 48.111086643376787 ], [ -90.765567486747699, 48.112173641143414 ], [ -90.764769922006224, 48.112143672552939 ], [ -90.764371139912285, 48.112128686548516 ], [ -90.763573576278134, 48.11209871112117 ], [ -90.76355158064554, 48.112370460861534 ], [ -90.763529584828376, 48.112642210877937 ], [ -90.763928369889769, 48.112657199317994 ], [ -90.763906375556317, 48.112928949688801 ], [ -90.763884381038267, 48.113200700335824 ], [ -90.764681958388152, 48.113230674110682 ], [ -90.76465996702224, 48.113502425190418 ], [ -90.76545754844706, 48.113532394563812 ], [ -90.765435560233314, 48.113804146076298 ], [ -90.765834352890948, 48.11381912913204 ], [ -90.766233145733111, 48.113834111048256 ], [ -90.76663193875973, 48.11384909182496 ], [ -90.766609955366633, 48.114120843848447 ], [ -90.767008750246205, 48.114135823563934 ], [ -90.766986768337034, 48.114407575941826 ], [ -90.767385565069503, 48.114422554596068 ], [ -90.767363584644258, 48.114694307328506 ], [ -90.766964786243364, 48.114679328596047 ], [ -90.766942803965208, 48.114951081526286 ], [ -90.766920821502552, 48.115222834732855 ], [ -90.766898838855411, 48.115494588215569 ], [ -90.766876856023757, 48.115766341974584 ], [ -90.766854873007603, 48.11603809600971 ], [ -90.76725367975088, 48.116053075133593 ], [ -90.767231698218723, 48.116324829523272 ], [ -90.767630506814953, 48.116339807585859 ], [ -90.768029315595712, 48.116354784508864 ], [ -90.768428124560941, 48.116369760292265 ], [ -90.768406147849902, 48.116641515193045 ], [ -90.768804958668099, 48.11665648991513 ], [ -90.768826933710614, 48.116384734936084 ], [ -90.769225743044657, 48.116399708440348 ], [ -90.769247716234204, 48.116127953659301 ], [ -90.768848908568671, 48.116112980233332 ], [ -90.768870883242286, 48.115841225806818 ], [ -90.768472077429649, 48.115826251319469 ], [ -90.768494053587332, 48.115554497247444 ], [ -90.768538005349399, 48.115010989932031 ], [ -90.768559980953754, 48.114739236688735 ], [ -90.768161181999446, 48.114724261374853 ], [ -90.768205135991749, 48.114180755873157 ], [ -90.768227112711216, 48.113909003536612 ], [ -90.76824908924624, 48.113637251476241 ], [ -90.768647881526874, 48.113652226477072 ], [ -90.768691830706857, 48.113108723028226 ], [ -90.768293041762973, 48.113093748183893 ], [ -90.768315017744683, 48.112821996951908 ], [ -90.767916230653597, 48.112807021046351 ], [ -90.767982162497091, 48.111991769241854 ], [ -90.768004139409371, 48.111720019192624 ], [ -90.768026116137221, 48.111448269419384 ], [ -90.768424894886763, 48.111463244933731 ], [ -90.768446869761902, 48.111191495358369 ], [ -90.76884564702759, 48.111206469655052 ], [ -90.768867620050045, 48.11093472027747 ], [ -90.769266395831906, 48.110949693356432 ], [ -90.769288367001707, 48.110677944176707 ], [ -90.770883465299733, 48.110737824785161 ], [ -90.77128224033514, 48.110752792088626 ], [ -90.771304202979366, 48.110481042793857 ], [ -90.771702976530833, 48.11049600887965 ], [ -90.7721017502666, 48.110510973826045 ], [ -90.772123709390058, 48.110239224650897 ], [ -90.772522481641843, 48.110254188379635 ], [ -90.772544438912774, 48.109982439402451 ], [ -90.77214566832923, 48.109967475751908 ], [ -90.771348127714887, 48.109937545032473 ], [ -90.771370089806169, 48.109665796565743 ], [ -90.770971321443668, 48.109650829575074 ], [ -90.770993285018832, 48.109379081462599 ], [ -90.771015248409668, 48.109107333626085 ], [ -90.771414013435816, 48.109122300460413 ], [ -90.771435974974182, 48.108850552821728 ], [ -90.771834738516475, 48.108865518438421 ], [ -90.771856698202399, 48.108593770997487 ], [ -90.771878657704022, 48.108322023832507 ], [ -90.772277418094319, 48.108336988153397 ], [ -90.772299375743557, 48.108065241186267 ], [ -90.772698134649943, 48.10808020428955 ], [ -90.773096893740629, 48.108095166253477 ], [ -90.773495653015559, 48.108110127078021 ], [ -90.773517605476187, 48.107838380152366 ], [ -90.773916363267219, 48.107853339759281 ], [ -90.774315121242424, 48.107868298226833 ], [ -90.774713879401872, 48.107883255555059 ], [ -90.775112637745494, 48.107898211743858 ], [ -90.77513458334947, 48.10762646478149 ], [ -90.775533340209094, 48.10764141975271 ], [ -90.775555283960799, 48.107369672988149 ], [ -90.775954039336526, 48.107384626741862 ], [ -90.775975981235987, 48.107112880175123 ], [ -90.776374735127774, 48.10712783271142 ], [ -90.776396675175036, 48.106856086342418 ], [ -90.77679542758284, 48.106871037661151 ], [ -90.777194180174718, 48.106885987840521 ], [ -90.777172243463625, 48.107157734365614 ], [ -90.77876726234436, 48.107217524001513 ], [ -90.778745332121574, 48.107489271114957 ], [ -90.77914408897, 48.107504215753458 ], [ -90.779166017524673, 48.107232468562046 ], [ -90.779564772889017, 48.107247411983131 ], [ -90.779586699591576, 48.106975664989449 ], [ -90.779608626110146, 48.106703918271798 ], [ -90.780406130718418, 48.106733801383605 ], [ -90.780449976531273, 48.10619030846361 ], [ -90.780051227471247, 48.106175367633526 ], [ -90.780073151769756, 48.105903621665441 ], [ -90.779674404561803, 48.105888679774033 ], [ -90.779275657537795, 48.105873736743234 ], [ -90.778876910697804, 48.105858792573031 ], [ -90.778898839816407, 48.10558704711503 ], [ -90.778500094828502, 48.10557210188356 ], [ -90.778101350024585, 48.105557155512777 ], [ -90.777702605404713, 48.105542208002603 ], [ -90.777724539343311, 48.105270463054666 ], [ -90.777325796575496, 48.105255514483233 ], [ -90.77734773199802, 48.104983769889166 ], [ -90.776948991082321, 48.104968820256445 ], [ -90.776970927988742, 48.10469707601635 ], [ -90.776572188925044, 48.104682125322405 ], [ -90.776173450045462, 48.104667173489155 ], [ -90.77537597283866, 48.104637266404588 ], [ -90.775397916232805, 48.10436552275268 ], [ -90.772606763485655, 48.104260812614861 ], [ -90.772628718371109, 48.103989069785754 ], [ -90.77183125115134, 48.103959142505936 ], [ -90.771853209188365, 48.103687400108932 ], [ -90.771454477522752, 48.103672434838195 ], [ -90.771476437043404, 48.103400692795098 ], [ -90.771077707229992, 48.10338572646328 ], [ -90.771099668234243, 48.103113984774033 ], [ -90.770700940272931, 48.103099017381076 ], [ -90.770722902760738, 48.102827276045858 ], [ -90.769925450726774, 48.102797337998446 ], [ -90.769947416365937, 48.102525597095315 ], [ -90.769149968404847, 48.102495654647178 ], [ -90.769171937195338, 48.102223914176079 ], [ -90.768773215159115, 48.102208941321273 ], [ -90.768817155522626, 48.101665461362714 ], [ -90.768418437006389, 48.101650487525106 ], [ -90.768462379968, 48.101107008825664 ], [ -90.768861095148722, 48.101121982506875 ], [ -90.768883064685241, 48.10085024349241 ], [ -90.77127534963418, 48.10094006118652 ], [ -90.771253390104135, 48.101211800670001 ], [ -90.771652106575019, 48.101226766376527 ], [ -90.771630148528473, 48.101498506213879 ], [ -90.774022461229393, 48.101588276997397 ], [ -90.774088304796564, 48.100773056905751 ], [ -90.774487019221425, 48.100788014481246 ], [ -90.774530910676589, 48.100244535642268 ], [ -90.775727045049535, 48.100289401064579 ], [ -90.775748985497728, 48.100017661824246 ], [ -90.77814124920765, 48.100107361440962 ], [ -90.778539960470127, 48.100122307389768 ], [ -90.778561889060214, 48.099850567878569 ], [ -90.778960598838964, 48.09986551261003 ], [ -90.779026378502138, 48.099050295496021 ], [ -90.779425083461732, 48.099065238854173 ], [ -90.779490856466097, 48.098250023986438 ], [ -90.779889556606719, 48.098264965971254 ], [ -90.779911478905959, 48.097993228155133 ], [ -90.779512780432981, 48.097978286248349 ], [ -90.779534704215877, 48.097706548785752 ], [ -90.779933401021253, 48.097721490614539 ], [ -90.779999166263494, 48.096906279646092 ], [ -90.780397858250026, 48.096921220101635 ], [ -90.780463616834211, 48.096106011378815 ], [ -90.780862304001943, 48.096120950461128 ], [ -90.780906138803459, 48.095577479200635 ], [ -90.781304822820118, 48.09559241698782 ], [ -90.781326738277514, 48.095320681692783 ], [ -90.781725420810545, 48.095335618262808 ], [ -90.781747334416593, 48.095063883165317 ], [ -90.782146015465983, 48.095078818518196 ], [ -90.782167927220684, 48.094807083618086 ], [ -90.782566606786389, 48.094822017753877 ], [ -90.782588516689785, 48.094550283051255 ], [ -90.78298719477192, 48.094565215969972 ], [ -90.783009102824025, 48.094293481464803 ], [ -90.783407779422504, 48.094308413166395 ], [ -90.783429685623361, 48.094036678858714 ], [ -90.783828360738198, 48.094051609343239 ], [ -90.783850265087835, 48.093779875232947 ], [ -90.78424893871896, 48.093794804500412 ], [ -90.784270841217378, 48.093523070587672 ], [ -90.784669513364918, 48.09353799863802 ], [ -90.784713314475681, 48.092994531482674 ], [ -90.785111983472149, 48.093009458238114 ], [ -90.785133882084523, 48.09273772499553 ], [ -90.785532549597292, 48.092752650534003 ], [ -90.78555444635856, 48.092480917488899 ], [ -90.78595311238773, 48.09249584181034 ], [ -90.785975007297921, 48.092224108962618 ], [ -90.786373671843435, 48.092239032067049 ], [ -90.786395564902591, 48.091967299416787 ], [ -90.786794227964421, 48.091982221304178 ], [ -90.786816119172556, 48.091710488851405 ], [ -90.787214780750674, 48.091725409521857 ], [ -90.787236670107816, 48.0914536772665 ], [ -90.787635330202306, 48.091468596719984 ], [ -90.788033990480429, 48.09148351503439 ], [ -90.788055876319291, 48.091211782898547 ], [ -90.788454535113729, 48.091226699996064 ], [ -90.78847641910167, 48.09095496805763 ], [ -90.788875076412353, 48.090969883938158 ], [ -90.789273733906668, 48.090984798679678 ], [ -90.789295614376428, 48.090713066860815 ], [ -90.789694270387017, 48.090727980385452 ], [ -90.789716149005912, 48.090456248764013 ], [ -90.790912113137082, 48.090500982269894 ], [ -90.790933986570607, 48.090229250690221 ], [ -90.791731293574415, 48.090259067176547 ], [ -90.791709423475439, 48.090530798911949 ], [ -90.793702702532187, 48.090605320583563 ], [ -90.79372456429472, 48.090333588459202 ], [ -90.794521873866799, 48.090363388998853 ], [ -90.79454373211135, 48.090091656994154 ], [ -90.794942385505223, 48.090106555477654 ], [ -90.795051665641012, 48.088747899194324 ], [ -90.795450310882032, 48.088762796149894 ], [ -90.795515871761609, 48.087947605449315 ], [ -90.795914512184396, 48.087962501032642 ], [ -90.795936363777074, 48.087690771271717 ], [ -90.796335002715963, 48.087705665638282 ], [ -90.79635685245816, 48.087433936074866 ], [ -90.796755489913267, 48.087448829224648 ], [ -90.796777337805011, 48.087177099858621 ], [ -90.797175973776262, 48.087191991791713 ], [ -90.797197819817598, 48.086920262623117 ], [ -90.797596454304937, 48.086935153339546 ], [ -90.797618298495877, 48.086663424368361 ], [ -90.798016931499404, 48.08667831386802 ], [ -90.798038773839991, 48.086406585094267 ], [ -90.79843740535965, 48.086421473377207 ], [ -90.798459245849898, 48.086149744800906 ], [ -90.798857875885687, 48.086164631867213 ], [ -90.798879714525611, 48.085892903488322 ], [ -90.799676971812602, 48.085922674048653 ], [ -90.799698806935169, 48.085650945789411 ], [ -90.800496061620777, 48.085680711638531 ], [ -90.800539724648175, 48.085137255634763 ], [ -90.80133697339808, 48.085167016617312 ], [ -90.801358801302982, 48.084895288872723 ], [ -90.802156047451263, 48.084925045144153 ], [ -90.802177871838992, 48.084653317519312 ], [ -90.802975115385621, 48.084683069079738 ], [ -90.802996936256207, 48.084411341574707 ], [ -90.80379417720097, 48.084441088424065 ], [ -90.803815994554469, 48.084169361038867 ], [ -90.804613232897353, 48.084199103177198 ], [ -90.805809091784084, 48.084243707842731 ], [ -90.806606331956687, 48.084273438591751 ], [ -90.806628137458105, 48.084001710938324 ], [ -90.808222613330315, 48.084061158458816 ], [ -90.808200814496985, 48.08433288642248 ], [ -90.808599435589301, 48.084347745532796 ], [ -90.808643029739045, 48.083804289725414 ], [ -90.80983888411086, 48.08384885975746 ], [ -90.809817092128469, 48.084120587756239 ], [ -90.810215712285085, 48.084135442233254 ], [ -90.810614332624525, 48.084150295571376 ], [ -90.812607437063065, 48.084224545177584 ], [ -90.812629217376241, 48.083952816636213 ], [ -90.816216801872343, 48.084086393476419 ], [ -90.816238566999502, 48.08381466451295 ], [ -90.817434426784175, 48.083859169393023 ], [ -90.817412666658157, 48.084130898588704 ], [ -90.818209910761453, 48.08416056296889 ], [ -90.81818815378702, 48.084432292594528 ], [ -90.818586777779558, 48.084447123153566 ], [ -90.818985401954592, 48.084461952573641 ], [ -90.819007155594875, 48.08419022279314 ], [ -90.819804401158223, 48.08421987806166 ], [ -90.81978265085209, 48.084491607996902 ], [ -90.820181275574583, 48.084506434000055 ], [ -90.820159526753073, 48.084778164287833 ], [ -90.82013777774911, 48.085049894850656 ], [ -90.820536405988264, 48.085064719869592 ], [ -90.820514658468966, 48.085336450785 ], [ -90.820913288557676, 48.085351274742379 ], [ -90.820891542523071, 48.08562300601028 ], [ -90.821290174461311, 48.085637828905973 ], [ -90.821268429911427, 48.085909560526389 ], [ -90.822065697669586, 48.085939203055645 ], [ -90.822464331822218, 48.085954022611723 ], [ -90.822551288921531, 48.08486709685279 ], [ -90.822152661437471, 48.084852277606018 ], [ -90.822239622287185, 48.083765356558295 ], [ -90.821841001653794, 48.083750536482057 ], [ -90.821906225377219, 48.082935348816513 ], [ -90.822304841009498, 48.082950168660801 ], [ -90.822348319245847, 48.082406711437606 ], [ -90.822746931726428, 48.082421529988238 ], [ -90.822790405899354, 48.081878073710499 ], [ -90.823189015228394, 48.081892890967509 ], [ -90.823232485338039, 48.081349435635104 ], [ -90.823631091515509, 48.081364251598572 ], [ -90.823652824629889, 48.081092524267532 ], [ -90.824051429322736, 48.0811073390148 ], [ -90.824073160587901, 48.080835611881383 ], [ -90.824471763796069, 48.080850425412443 ], [ -90.824493493212032, 48.080578698476678 ], [ -90.82489209493562, 48.080593510791523 ], [ -90.824913822502396, 48.080321784053403 ], [ -90.825312422741348, 48.08033659515209 ], [ -90.825334148458992, 48.0800648686117 ], [ -90.825732747213308, 48.08007967849413 ], [ -90.825819641593966, 48.078992774772381 ], [ -90.825421049507042, 48.078977965199037 ], [ -90.825442774313473, 48.078706240033107 ], [ -90.825044184075608, 48.078691429398184 ], [ -90.82506591036659, 48.078419704584412 ], [ -90.824667321977785, 48.078404892887953 ], [ -90.824689049753303, 48.078133168426383 ], [ -90.8242904632136, 48.078118355668344 ], [ -90.824333921551371, 48.077574907724312 ], [ -90.82393533852742, 48.077560093982022 ], [ -90.82395706908963, 48.077288370499545 ], [ -90.823558487914696, 48.077273555695761 ], [ -90.823580219961357, 48.077001832565436 ], [ -90.82318164063544, 48.076987016700194 ], [ -90.823225107515299, 48.076443571418487 ], [ -90.822826531705104, 48.076428754569022 ], [ -90.822848266538273, 48.076157032417676 ], [ -90.822449692577024, 48.076142214506781 ], [ -90.822471428894531, 48.075870492707494 ], [ -90.822072856782285, 48.075855673735113 ], [ -90.822094594584101, 48.075583952287921 ], [ -90.821696024320886, 48.075569132254074 ], [ -90.821717763606998, 48.075297411158935 ], [ -90.820920626960771, 48.075267767829544 ], [ -90.820942369397756, 48.074996047163879 ], [ -90.820543803014814, 48.074981223868406 ], [ -90.820522058911223, 48.075252944456736 ], [ -90.8201234910441, 48.07523811994507 ], [ -90.820145236814298, 48.074966399434146 ], [ -90.81974667079615, 48.074951573861121 ], [ -90.819348104960397, 48.074936747149302 ], [ -90.818949539307084, 48.074921919298831 ], [ -90.818971289894634, 48.074650199294567 ], [ -90.818572726090395, 48.074635370382616 ], [ -90.818594478162083, 48.074363650730525 ], [ -90.818195916206818, 48.074348820757194 ], [ -90.818239423135921, 48.07380538243175 ], [ -90.817840864696208, 48.07379055147446 ], [ -90.817862619553594, 48.073518832801206 ], [ -90.817464062962912, 48.073504000782542 ], [ -90.817485819304338, 48.073232282461255 ], [ -90.817087264562602, 48.073217449381303 ], [ -90.816688710003376, 48.073202615162629 ], [ -90.816710469495277, 48.072930897270787 ], [ -90.81631191678504, 48.072916061990782 ], [ -90.816333677760909, 48.072644344450957 ], [ -90.816355438554268, 48.072372627185771 ], [ -90.816377199165103, 48.072100910195154 ], [ -90.815580104290987, 48.072071236683456 ], [ -90.815601868052141, 48.07179952012234 ], [ -90.815203322555291, 48.071784681735856 ], [ -90.815225087800329, 48.071512965526658 ], [ -90.814826544152453, 48.071498126078922 ], [ -90.814848310881317, 48.071226410221776 ], [ -90.814449769082444, 48.07121156971273 ], [ -90.814051227466095, 48.071196728065075 ], [ -90.813652686032341, 48.071181885278804 ], [ -90.813674457577761, 48.07091016992841 ], [ -90.812877378590898, 48.070880481094697 ], [ -90.812899153286409, 48.070608766173777 ], [ -90.812500615733242, 48.070593920126377 ], [ -90.812522391912481, 48.070322205557403 ], [ -90.811725320686804, 48.070292510201533 ], [ -90.810928250191765, 48.070262810291055 ], [ -90.810993597629263, 48.069447669160859 ], [ -90.811392127786547, 48.069462519453047 ], [ -90.811413908234044, 48.069190806214465 ], [ -90.811457468581025, 48.068647380560897 ], [ -90.811855993922208, 48.068662229482072 ], [ -90.812254519446, 48.068677077264574 ], [ -90.813051571041555, 48.068706769413843 ], [ -90.813450097113275, 48.068721613780603 ], [ -90.813428325362381, 48.068993326857395 ], [ -90.814623909671809, 48.069037853358118 ], [ -90.814602142737129, 48.069309566941655 ], [ -90.81579773368847, 48.069354083427037 ], [ -90.815775971570105, 48.069625797517297 ], [ -90.816971569163044, 48.06967030398723 ], [ -90.816949811861107, 48.069942018584115 ], [ -90.817348346423401, 48.069956851874146 ], [ -90.817326590605319, 48.070228566822948 ], [ -90.818123663609938, 48.070258230141874 ], [ -90.818036651843826, 48.07134509330151 ], [ -90.818435195285346, 48.071359923562483 ], [ -90.818413443554078, 48.071631640116166 ], [ -90.819609079972437, 48.071676124298946 ], [ -90.81963082670444, 48.071404407513199 ], [ -90.820029370875645, 48.071419233219487 ], [ -90.820051115758829, 48.071147516630873 ], [ -90.820449658446009, 48.071162341121109 ], [ -90.820471401480432, 48.07089062472987 ], [ -90.821268484069023, 48.070920270139581 ], [ -90.8212467443674, 48.071191986685506 ], [ -90.82164528760164, 48.071206807759673 ], [ -90.8216235493841, 48.071478524657493 ], [ -90.822022094467087, 48.071493344670309 ], [ -90.82204383101822, 48.071221627695188 ], [ -90.823638006507394, 48.071280896050354 ], [ -90.823659736210573, 48.071009179040658 ], [ -90.824456821715984, 48.071038806231606 ], [ -90.82441336879306, 48.071582240834729 ], [ -90.824811915151969, 48.071597052876754 ], [ -90.82479019008359, 48.071868770667493 ], [ -90.827580031362388, 48.071972423618725 ], [ -90.827558317777104, 48.072244142224854 ], [ -90.827956868926265, 48.072258945311724 ], [ -90.827935156825347, 48.072530664269642 ], [ -90.827913444542304, 48.072802383502243 ], [ -90.828710554053075, 48.072831986568758 ], [ -90.828688844920975, 48.073103706230498 ], [ -90.829485958493109, 48.073133304896501 ], [ -90.829464252511983, 48.073405024987281 ], [ -90.829862811237717, 48.073419822689381 ], [ -90.829841106741114, 48.073691543131979 ], [ -90.830239667315482, 48.073706339772563 ], [ -90.830217964303387, 48.07397806056715 ], [ -90.830616526726345, 48.073992856146113 ], [ -90.830594825198816, 48.074264577292645 ], [ -90.830993389470365, 48.074279371810029 ], [ -90.8309716894274, 48.074551093308365 ], [ -90.832167388334028, 48.074595470259638 ], [ -90.832189083377145, 48.074323748529793 ], [ -90.832986213558272, 48.074353327315819 ], [ -90.832964521848396, 48.074625049200009 ], [ -90.832877753189351, 48.075711939484215 ], [ -90.833276326886093, 48.075726727554887 ], [ -90.8332980176571, 48.07545500449455 ], [ -90.833319708246179, 48.075183281708924 ], [ -90.83371827879148, 48.075198068486479 ], [ -90.83373996753194, 48.074926345898483 ], [ -90.834138536592562, 48.074941131460086 ], [ -90.834160223484488, 48.074669409069671 ], [ -90.83455879106036, 48.074684193415415 ], [ -90.834957358818073, 48.074698976622308 ], [ -90.835754494879268, 48.074728539619791 ], [ -90.835776174922728, 48.074456817195639 ], [ -90.836174741559461, 48.07447159690912 ], [ -90.836573308377979, 48.074486375483794 ], [ -90.836594984906355, 48.074214653180171 ], [ -90.837392115755677, 48.074244206759033 ], [ -90.837413788768998, 48.073972484575883 ], [ -90.837812352799745, 48.073987259580065 ], [ -90.83783402396466, 48.073715537594602 ], [ -90.838232586510514, 48.073730311382953 ], [ -90.838254255827067, 48.073458589595084 ], [ -90.838652816888143, 48.073473362167562 ], [ -90.838674484356346, 48.073201640577338 ], [ -90.838696151642807, 48.072929919261696 ], [ -90.839094709552469, 48.072944690541355 ], [ -90.839493267643803, 48.072959460682235 ], [ -90.839514931415408, 48.072687739487286 ], [ -90.839536595005313, 48.072416018566912 ], [ -90.839935149945305, 48.072430787414909 ], [ -90.83997847324693, 48.07188734624404 ], [ -90.840377025035551, 48.071902113799283 ], [ -90.840420344277419, 48.071358673572867 ], [ -90.840818892914697, 48.071373439835291 ], [ -90.840840550596653, 48.071101720057001 ], [ -90.841239097749039, 48.071116485103651 ], [ -90.841260753582873, 48.070844765522963 ], [ -90.84165929925048, 48.070859529353946 ], [ -90.841680953236207, 48.070587809970782 ], [ -90.842079497418979, 48.070602572586033 ], [ -90.84210114955664, 48.070330853400407 ], [ -90.842499692254577, 48.070345614799926 ], [ -90.842521342544188, 48.070073895811902 ], [ -90.843318425151892, 48.070103415040954 ], [ -90.843340071927059, 48.069831696173537 ], [ -90.843738611836855, 48.069846454003013 ], [ -90.843760256764043, 48.06957473533317 ], [ -90.843781901509701, 48.069303016937845 ], [ -90.844180438268154, 48.06931777347468 ], [ -90.844578975208208, 48.069332528872827 ], [ -90.844557333795379, 48.069604247422106 ], [ -90.844955872583327, 48.069619001758568 ], [ -90.844934232655405, 48.069890720659338 ], [ -90.845332773291304, 48.069905473934021 ], [ -90.845731314108633, 48.069920226070096 ], [ -90.846129855107492, 48.06993497706739 ], [ -90.846151490036135, 48.069663257935801 ], [ -90.846948569245356, 48.069692756360553 ], [ -90.846970200659712, 48.069421037349585 ], [ -90.848165815834918, 48.069465276215752 ], [ -90.848187442068593, 48.06919355724861 ], [ -90.848585979156667, 48.069208301183053 ], [ -90.848629227747111, 48.068664863918549 ], [ -90.849027761683814, 48.068679606560494 ], [ -90.84909262821013, 48.067864452491925 ], [ -90.849491157329098, 48.067879193764512 ], [ -90.849512777475496, 48.067607476213752 ], [ -90.849911305109458, 48.067622216270799 ], [ -90.850309832924694, 48.067636955189251 ], [ -90.851903945998615, 48.067695899476483 ], [ -90.851882335850291, 48.067967617488456 ], [ -90.852280866238289, 48.067982350790501 ], [ -90.852216039704913, 48.068797506704058 ], [ -90.851817504317779, 48.068782773171506 ], [ -90.851795893444432, 48.069054492281573 ], [ -90.85175267115396, 48.069597931325248 ], [ -90.851354130948863, 48.06958319642343 ], [ -90.851310904600439, 48.070126636411722 ], [ -90.85170944813845, 48.070141371467315 ], [ -90.851687836358792, 48.070413091950137 ], [ -90.852086381744584, 48.070427825943909 ], [ -90.85248492731165, 48.070442558798959 ], [ -90.852506535758351, 48.070170838162369 ], [ -90.852905079840113, 48.070185569801801 ], [ -90.852926686439105, 48.069913849362976 ], [ -90.853325229035676, 48.069928579786918 ], [ -90.853303624103162, 48.070200300302581 ], [ -90.853282018989418, 48.070472021092847 ], [ -90.853680565100163, 48.070486750531792 ], [ -90.853658961471709, 48.070758471673521 ], [ -90.854057509430163, 48.070773200050496 ], [ -90.854035907287042, 48.071044921543681 ], [ -90.854434457093134, 48.071059648858814 ], [ -90.854412856435346, 48.071331370703419 ], [ -90.854391255596383, 48.071603092822663 ], [ -90.854789808916792, 48.071617819152721 ], [ -90.855188362418389, 48.071632544344006 ], [ -90.855586916101103, 48.071647268396582 ], [ -90.855608511940432, 48.07137554604688 ], [ -90.856007064137685, 48.071390268883846 ], [ -90.856405616516128, 48.071404990582081 ], [ -90.856470392948069, 48.070589824719939 ], [ -90.856868940508022, 48.070604545049022 ], [ -90.856890530623303, 48.070332823567469 ], [ -90.856912120557482, 48.070061102360405 ], [ -90.857310664965468, 48.070075821397289 ], [ -90.857332253052093, 48.069804100388104 ], [ -90.857353840957643, 48.069532379653396 ], [ -90.857752382213803, 48.069547097398001 ], [ -90.857773968271829, 48.069275376861242 ], [ -90.857375428682118, 48.069260659193404 ], [ -90.857483364588632, 48.067902061011274 ], [ -90.857548123959887, 48.067086905396216 ], [ -90.857946650218452, 48.06710162244979 ], [ -90.858345176658062, 48.067116338364848 ], [ -90.858323593714715, 48.067388056782249 ], [ -90.85830201059035, 48.067659775474155 ], [ -90.85870054054368, 48.067674490403967 ], [ -90.858678958904648, 48.06794620944715 ], [ -90.859077490705332, 48.067960923315049 ], [ -90.859034330217057, 48.068504362378441 ], [ -90.859432865531559, 48.068519075261193 ], [ -90.859454444199798, 48.06824735551556 ], [ -90.859852978028897, 48.068262067182893 ], [ -90.859809823844273, 48.068805507102255 ], [ -90.85978824648052, 48.069077227473748 ], [ -90.859389707652156, 48.069062515576164 ], [ -90.859346549048766, 48.069605956989356 ], [ -90.85932496947558, 48.06987767810778 ], [ -90.85930338972139, 48.070149399500842 ], [ -90.859701935215654, 48.070164111705346 ], [ -90.859680356946967, 48.070435833449793 ], [ -90.86007890428867, 48.070450544592347 ], [ -90.86005732750553, 48.070722266688087 ], [ -90.860455876694772, 48.070736976768657 ], [ -90.860854426064989, 48.070751685710547 ], [ -90.861252975616154, 48.070766393513651 ], [ -90.861274547399717, 48.070494671187795 ], [ -90.86207164371173, 48.070524083224385 ], [ -90.862050075261237, 48.07079580570376 ], [ -90.862847175629994, 48.070825213338892 ], [ -90.862825610331697, 48.071096936246256 ], [ -90.864818372751444, 48.071170435789639 ], [ -90.864839929716936, 48.070898712498739 ], [ -90.865637032617542, 48.070928104191559 ], [ -90.865680139339915, 48.070384658127111 ], [ -90.865281591132316, 48.070369963003415 ], [ -90.865303145888859, 48.070098240459785 ], [ -90.864904599528572, 48.070083544274027 ], [ -90.864926155770846, 48.069811822081633 ], [ -90.86452761125787, 48.069797124833869 ], [ -90.864549168985846, 48.06952540299271 ], [ -90.864947711832315, 48.069540100163877 ], [ -90.864969267712979, 48.069268378520682 ], [ -90.865367809073774, 48.069283074476466 ], [ -90.86538936310717, 48.069011353031229 ], [ -90.865787902982262, 48.069026047771601 ], [ -90.866186443038089, 48.069040741373328 ], [ -90.866207993557779, 48.068769020049309 ], [ -90.866606532127946, 48.068783712435696 ], [ -90.867005070878832, 48.06879840368336 ], [ -90.867403609810452, 48.068813093792322 ], [ -90.868599227689458, 48.068857157286992 ], [ -90.8686207680297, 48.068585435777713 ], [ -90.869019306017549, 48.068600121255244 ], [ -90.869417844186117, 48.06861480559413 ], [ -90.870214921065141, 48.068644170855727 ], [ -90.870193387390785, 48.068915892671328 ], [ -90.870990468325147, 48.068945253531233 ], [ -90.870968937803141, 48.069216975774566 ], [ -90.872563108504792, 48.069275684136116 ], [ -90.872541584468237, 48.069547406960289 ], [ -90.873338674235299, 48.069576754461892 ], [ -90.873360194938826, 48.069305031484582 ], [ -90.874157282094927, 48.069334374278206 ], [ -90.874178799284948, 48.069062651422492 ], [ -90.874577341467202, 48.06907732103474 ], [ -90.874620371972853, 48.068533875993893 ], [ -90.874221833123556, 48.068519206534774 ], [ -90.874243349772172, 48.068247484502727 ], [ -90.874264866240296, 48.067975762745299 ], [ -90.873866330904391, 48.067961092300479 ], [ -90.873887848858502, 48.067689370894065 ], [ -90.873489315369511, 48.067674699387069 ], [ -90.873090782061055, 48.067660026741457 ], [ -90.872692248933063, 48.067645352957115 ], [ -90.872293715985577, 48.067630678034057 ], [ -90.871895183218669, 48.067616001972389 ], [ -90.871916709324381, 48.067344281223193 ], [ -90.871518178404386, 48.067329604099335 ], [ -90.871539705995957, 48.067057883701217 ], [ -90.871141176922904, 48.067043205515269 ], [ -90.871162706000291, 48.066771485468259 ], [ -90.870365651728704, 48.066742125833485 ], [ -90.870387183958258, 48.06647040621408 ], [ -90.870785709337383, 48.066485086524182 ], [ -90.87080723971998, 48.066213367102677 ], [ -90.870408716007219, 48.066198686869065 ], [ -90.870451779563354, 48.065655249002475 ], [ -90.869256219506411, 48.065611201929372 ], [ -90.869277756012508, 48.065339483637487 ], [ -90.868879238021094, 48.065324799079114 ], [ -90.868922313823958, 48.064781363471795 ], [ -90.869320828482827, 48.064796047876996 ], [ -90.869342364447036, 48.064524330408318 ], [ -90.869740877620316, 48.06453901359837 ], [ -90.870139390974174, 48.064553695649742 ], [ -90.870160923425289, 48.06428197830234 ], [ -90.870559435293501, 48.064296659138549 ], [ -90.870580965897801, 48.064024941989011 ], [ -90.871377986843413, 48.064054300092486 ], [ -90.871356459571572, 48.064326017395139 ], [ -90.87175497198146, 48.064340694815527 ], [ -90.871733446195336, 48.064612412469174 ], [ -90.87292898950686, 48.06465643812826 ], [ -90.872907468539026, 48.064928156285966 ], [ -90.873305985003498, 48.064942829304961 ], [ -90.873704501648405, 48.064957501185297 ], [ -90.873682983832666, 48.065229219770359 ], [ -90.874081502324358, 48.065243890588626 ], [ -90.874059985994464, 48.065515609524773 ], [ -90.874458506332928, 48.065530279280893 ], [ -90.874436991488892, 48.06580199856792 ], [ -90.875632558585878, 48.065846001233972 ], [ -90.875740106007157, 48.064487406395621 ], [ -90.876138620402131, 48.06450207129123 ], [ -90.876181634775349, 48.063958635123818 ], [ -90.876580146018199, 48.063973298727902 ], [ -90.876601651268004, 48.063701580979235 ], [ -90.87700016102491, 48.063716243368177 ], [ -90.876978657441327, 48.063987961193284 ], [ -90.877377169044877, 48.064002622520114 ], [ -90.87735566694721, 48.064274340696024 ], [ -90.877754180397346, 48.064289000960692 ], [ -90.877732679785623, 48.064560719487417 ], [ -90.878131195082304, 48.064575378689959 ], [ -90.878109695956539, 48.064847097567601 ], [ -90.878508213099892, 48.064861755707902 ], [ -90.878486715460113, 48.06513347493641 ], [ -90.878465217640056, 48.065405194439379 ], [ -90.878863738296317, 48.065419851593951 ], [ -90.878842241962303, 48.065691571447815 ], [ -90.879639287148294, 48.065720882493892 ], [ -90.880037810011729, 48.065735536308978 ], [ -90.880834856279264, 48.065764840523158 ], [ -90.880813368096725, 48.066036561033641 ], [ -90.881211893167219, 48.066051211509112 ], [ -90.881190406470836, 48.066322932370468 ], [ -90.881588933387917, 48.066337581783721 ], [ -90.881567448177734, 48.066609302995928 ], [ -90.881965976941402, 48.066623951346983 ], [ -90.88192300931324, 48.067167394747756 ], [ -90.881901525228869, 48.067439116859859 ], [ -90.884292731590051, 48.067526984428568 ], [ -90.884314205675736, 48.06725526185808 ], [ -90.884712739033304, 48.067269902391047 ], [ -90.88511127257091, 48.067284541785355 ], [ -90.8851327431436, 48.067012819336647 ], [ -90.885531275194893, 48.067027457515891 ], [ -90.885552743921096, 48.066755735265367 ], [ -90.885951274486018, 48.066770372229563 ], [ -90.885972741365748, 48.066498650177216 ], [ -90.887965388558584, 48.066571817536143 ], [ -90.887943930011005, 48.066843539970144 ], [ -90.888342461655938, 48.066858170102236 ], [ -90.888256632331633, 48.067945062888711 ], [ -90.887858094020814, 48.067930432451405 ], [ -90.887836634573318, 48.068202156258117 ], [ -90.887438094775945, 48.068187524605769 ], [ -90.887416633481934, 48.068459248610701 ], [ -90.887815174945814, 48.068473880339333 ], [ -90.887750794983376, 48.069289054230602 ], [ -90.887352248519861, 48.06927442227294 ], [ -90.887330786505814, 48.069546147376272 ], [ -90.886932238555744, 48.069531514203575 ], [ -90.886867846433745, 48.070346690932155 ], [ -90.887266399383591, 48.070361324333895 ], [ -90.887244936649481, 48.070633050535697 ], [ -90.886846382032999, 48.070618417057659 ], [ -90.88682491745223, 48.070890143457767 ], [ -90.88680345269141, 48.07116187013262 ], [ -90.886781987750553, 48.071433597082148 ], [ -90.887180547366981, 48.071448230789194 ], [ -90.887159083912749, 48.071719958089759 ], [ -90.887557645375878, 48.071734590734373 ], [ -90.887956207018988, 48.071749222240221 ], [ -90.887934746718116, 48.072020949968184 ], [ -90.888333310207969, 48.07203558041158 ], [ -90.888731873877816, 48.072050209716139 ], [ -90.888710416730362, 48.07232193787145 ], [ -90.889507547943367, 48.072351193216768 ], [ -90.889443185421612, 48.073166379788979 ], [ -90.889357366206454, 48.074253299065255 ], [ -90.890154521474216, 48.074282550923705 ], [ -90.890133069554182, 48.074554281582415 ], [ -90.890930228875334, 48.07458352903798 ], [ -90.890908780109058, 48.074855260124075 ], [ -90.89130736170641, 48.074869882219915 ], [ -90.89126446696784, 48.075413345369242 ], [ -90.89166305207884, 48.075427966478749 ], [ -90.891641606106603, 48.075699698541989 ], [ -90.892438780202028, 48.075728937496883 ], [ -90.892837367519576, 48.075743555266008 ], [ -90.893235955016934, 48.075758171896233 ], [ -90.893634542694173, 48.075772787387578 ], [ -90.89361310487665, 48.076044520106983 ], [ -90.894011694400646, 48.076059134535676 ], [ -90.893968821559966, 48.076602600951823 ], [ -90.894367414597696, 48.076617214394155 ], [ -90.894345979574595, 48.076888948090762 ], [ -90.894324544371685, 48.077160682062377 ], [ -90.894260237684094, 48.077975885626735 ], [ -90.89465883923657, 48.077990498311401 ], [ -90.894637404981452, 48.078262233459022 ], [ -90.895434611959999, 48.0782914555639 ], [ -90.895456042881037, 48.078019720263811 ], [ -90.895854644972943, 48.078034329531597 ], [ -90.897050452327122, 48.078078150501305 ], [ -90.897071876400219, 48.077806415171302 ], [ -90.89747047754399, 48.077821019807089 ], [ -90.89744905513794, 48.078092755213305 ], [ -90.89742763255218, 48.078364490894593 ], [ -90.897363363716636, 48.079179699588217 ], [ -90.897761973375523, 48.079194303466096 ], [ -90.89771912992083, 48.07973777745601 ], [ -90.898117743093678, 48.07975238034728 ], [ -90.898096322763934, 48.080024117830959 ], [ -90.898494937783624, 48.080038719659505 ], [ -90.898452099919353, 48.080582195604521 ], [ -90.898850718453033, 48.080596796446464 ], [ -90.898829300918564, 48.080868534907772 ], [ -90.899227921299158, 48.080883134686914 ], [ -90.899206505252209, 48.081154873499408 ], [ -90.899605127479674, 48.081169472215727 ], [ -90.899540883262603, 48.0819846905326 ], [ -90.899519468164272, 48.082256430521745 ], [ -90.899120839267823, 48.08224183150071 ], [ -90.89909942232255, 48.082513571688793 ], [ -90.898700791938509, 48.082498971452516 ], [ -90.898679373146265, 48.082770711839551 ], [ -90.898280741274647, 48.082756110387976 ], [ -90.898259320635432, 48.083027850973991 ], [ -90.898237899816493, 48.083299591835186 ], [ -90.896643360788673, 48.08324117402848 ], [ -90.895846092353253, 48.083211958290775 ], [ -90.895867523176037, 48.082940217886986 ], [ -90.893874363570703, 48.082867158990481 ], [ -90.893852924411405, 48.083138899012972 ], [ -90.893454291362545, 48.083124283740212 ], [ -90.893432850356106, 48.083396023961555 ], [ -90.89303421581981, 48.083381407473432 ], [ -90.893012772966188, 48.083653147893699 ], [ -90.89261413694247, 48.083638530190264 ], [ -90.892592692241607, 48.083910270809319 ], [ -90.892194054730538, 48.083895651890579 ], [ -90.891795417399322, 48.083881031832668 ], [ -90.891773969183873, 48.084152772574356 ], [ -90.891375330365264, 48.084138151301076 ], [ -90.891396780248058, 48.083866410635707 ], [ -90.890599506485444, 48.083837164824615 ], [ -90.89062095952292, 48.083565424587171 ], [ -90.889425055230788, 48.083521547556522 ], [ -90.889026420826752, 48.083506919601561 ], [ -90.889004961120037, 48.083778659533699 ], [ -90.888606325228722, 48.083764030363277 ], [ -90.888207689517458, 48.083749400053861 ], [ -90.888164762894633, 48.084292880438312 ], [ -90.889360680572508, 48.084336768407617 ], [ -90.889339221993026, 48.084608509241654 ], [ -90.889737863246367, 48.084623136362993 ], [ -90.889716406154236, 48.084894877548692 ], [ -90.890115049254987, 48.0849095036072 ], [ -90.890093593650221, 48.085181245144447 ], [ -90.890890883726513, 48.085210493997003 ], [ -90.890869431276528, 48.085482235962147 ], [ -90.891268078251997, 48.085496858756052 ], [ -90.891246627289462, 48.085768601072758 ], [ -90.892043925115217, 48.085797843396016 ], [ -90.892065372742906, 48.085526100926742 ], [ -90.892464020258245, 48.085540720303371 ], [ -90.892862667953537, 48.085555338540928 ], [ -90.892884112066469, 48.085283596194216 ], [ -90.893282758274268, 48.085298213216333 ], [ -90.893261315828738, 48.085569955639315 ], [ -90.893659963883835, 48.085584571598638 ], [ -90.893638522925855, 48.085856314373189 ], [ -90.89403717282822, 48.085870929269724 ], [ -90.894015733357776, 48.086142672395837 ], [ -90.894813037037096, 48.086171898924107 ], [ -90.894791600721717, 48.086443642478066 ], [ -90.895190254498615, 48.086458254109772 ], [ -90.895211689146535, 48.0861865104795 ], [ -90.896008993904843, 48.086215730173002 ], [ -90.896030425038006, 48.085943986665569 ], [ -90.896827727180593, 48.085973201649978 ], [ -90.896849154799071, 48.085701458265319 ], [ -90.897247804472599, 48.08571606397264 ], [ -90.899241055536294, 48.085789075422483 ], [ -90.899219637922556, 48.086060819264553 ], [ -90.898422333622975, 48.086031617949523 ], [ -90.898400912494608, 48.08630336191446 ], [ -90.897204952390794, 48.086259551169796 ], [ -90.897183526080241, 48.086531295181395 ], [ -90.896784871404307, 48.086516689245286 ], [ -90.896386216908212, 48.086502082170142 ], [ -90.896364787082931, 48.086773826304452 ], [ -90.895966131099073, 48.086759218013889 ], [ -90.895944699426494, 48.087030962347178 ], [ -90.895546041954958, 48.087016352841239 ], [ -90.89550317473531, 48.087559842181442 ], [ -90.895901835541892, 48.087574451839963 ], [ -90.895880403329869, 48.087846196999259 ], [ -90.897076391831021, 48.087890019368558 ], [ -90.897873718397378, 48.087919228585704 ], [ -90.898272381950136, 48.087933831485437 ], [ -90.898250959563669, 48.088205577377678 ], [ -90.898649624963781, 48.088220179214538 ], [ -90.898628204065162, 48.0884919254583 ], [ -90.898606782986832, 48.08876367197751 ], [ -90.899005451901857, 48.088778272827611 ], [ -90.898984032311404, 48.089050019698362 ], [ -90.900977387919909, 48.0891230072422 ], [ -90.900955976487907, 48.089394754769501 ], [ -90.901354649816255, 48.089409348936826 ], [ -90.901333239872287, 48.089681096815667 ], [ -90.901731915047918, 48.089695689920042 ], [ -90.901667689141235, 48.090510935437763 ], [ -90.901269008962529, 48.090496342104842 ], [ -90.901247598300003, 48.090768091085444 ], [ -90.899254191762921, 48.090695106951415 ], [ -90.898855510994636, 48.090680506706882 ], [ -90.898834090146153, 48.090952255505684 ], [ -90.898435407889835, 48.090937654045703 ], [ -90.89832829261259, 48.092296401791039 ], [ -90.897929602197266, 48.092281798810596 ], [ -90.897132221905963, 48.092252589432029 ], [ -90.897089364530018, 48.092796090001208 ], [ -90.896690671318439, 48.092781483450487 ], [ -90.896626378902525, 48.093596736142111 ], [ -90.89702507711759, 48.093611342921641 ], [ -90.897003647620494, 48.093883094446255 ], [ -90.897801047925682, 48.09391230473998 ], [ -90.897779621584533, 48.094184056692733 ], [ -90.898577025944647, 48.094213262581761 ], [ -90.898975728394305, 48.094227863817274 ], [ -90.898954306877044, 48.094499616274376 ], [ -90.899353011174398, 48.094514216446875 ], [ -90.900150420308265, 48.09454341337392 ], [ -90.900947830160916, 48.094572605743728 ], [ -90.900926416803472, 48.094844358857571 ], [ -90.900905003266374, 48.095116112247005 ], [ -90.900506294914337, 48.095101516479346 ], [ -90.9004848795296, 48.095373270068237 ], [ -90.900086169689345, 48.095358673085009 ], [ -90.900064752456956, 48.095630426873349 ], [ -90.899666041128413, 48.095615828674582 ], [ -90.899267329979608, 48.095601229336445 ], [ -90.898071197611699, 48.095557424486067 ], [ -90.898092623183857, 48.095285671078969 ], [ -90.897693914422035, 48.095271067259759 ], [ -90.896896497437837, 48.095241856203394 ], [ -90.896099081172878, 48.09521264058975 ], [ -90.896120514904879, 48.094940887839613 ], [ -90.89572180871015, 48.094926278400102 ], [ -90.894525691205033, 48.094882443245623 ], [ -90.894504250801347, 48.09515419569054 ], [ -90.894439928510849, 48.095969454679135 ], [ -90.894838640837719, 48.095984067841862 ], [ -90.894860080113162, 48.095712314493731 ], [ -90.896454924547754, 48.095770755445955 ], [ -90.896433491944137, 48.09604250909932 ], [ -90.896832205170398, 48.096057116565319 ], [ -90.897230918576483, 48.096071722891942 ], [ -90.897209489129011, 48.096343476973495 ], [ -90.896810774054927, 48.096328870570616 ], [ -90.896767911284513, 48.096872379408261 ], [ -90.896369193054269, 48.096857771713388 ], [ -90.89634775973127, 48.097129526469494 ], [ -90.895949040012866, 48.097114917559018 ], [ -90.895927604841987, 48.097386672514538 ], [ -90.89552888363545, 48.097372062388331 ], [ -90.895507446616662, 48.09764381754335 ], [ -90.895906169491241, 48.097658427745777 ], [ -90.895884733960628, 48.097930183252736 ], [ -90.897080908667888, 48.097974007252702 ], [ -90.897059477961633, 48.09824576326433 ], [ -90.897458204891763, 48.098260369061848 ], [ -90.897856932001758, 48.09827497371996 ], [ -90.898255659291564, 48.09828957723871 ], [ -90.898234233409767, 48.09856133375483 ], [ -90.89863296254741, 48.09857593621048 ], [ -90.899031691864892, 48.09859053752669 ], [ -90.899430421362126, 48.098605137703494 ], [ -90.899409000304914, 48.098876894724192 ], [ -90.899807731650029, 48.098891493837854 ], [ -90.899829151039128, 48.098619736740901 ], [ -90.900227880895798, 48.098634334638888 ], [ -90.90020646317484, 48.09890609181209 ], [ -90.900605194879418, 48.098920688646906 ], [ -90.900583778646862, 48.099192446172147 ], [ -90.900562362234609, 48.099464203973206 ], [ -90.900540945642618, 48.099735962050048 ], [ -90.900939682531387, 48.099750557974154 ], [ -90.900896852144669, 48.100294075107776 ], [ -90.900498111919518, 48.100279479031215 ], [ -90.900476694788367, 48.100551237935541 ], [ -90.900077953074714, 48.100536640643341 ], [ -90.899679211540871, 48.10052204221163 ], [ -90.899657790893542, 48.100793801239305 ], [ -90.899259047871169, 48.100779201591955 ], [ -90.899237625375875, 48.101050960819229 ], [ -90.899216202700785, 48.101322720322408 ], [ -90.898817456521698, 48.101308119383063 ], [ -90.898753182412975, 48.102123399319183 ], [ -90.899151933596883, 48.102138000487358 ], [ -90.899130510202696, 48.102409761094165 ], [ -90.899529263234712, 48.102424361199112 ], [ -90.89950784132904, 48.102696122158093 ], [ -90.900704106508528, 48.102739915864753 ], [ -90.900682689428109, 48.103011677328453 ], [ -90.901081446515775, 48.103026273027886 ], [ -90.902277718856965, 48.103070053289393 ], [ -90.902676476663359, 48.10308464443083 ], [ -90.903075234649464, 48.103099234432804 ], [ -90.903053827399503, 48.103370996629792 ], [ -90.90345258723363, 48.103385585568489 ], [ -90.903851347247397, 48.103400173367625 ], [ -90.903829943154548, 48.103671935992985 ], [ -90.904228705016266, 48.103686522728864 ], [ -90.905026229278633, 48.103715692781968 ], [ -90.905004830011379, 48.103987455911891 ], [ -90.905802358328842, 48.104016621559325 ], [ -90.905759565929287, 48.104560148951862 ], [ -90.906557101638782, 48.104589310345766 ], [ -90.906535708506567, 48.104861074608415 ], [ -90.907732018422621, 48.104904808381207 ], [ -90.907710630116298, 48.105176573148299 ], [ -90.908906946653261, 48.105220296893549 ], [ -90.909305719191195, 48.105234869196181 ], [ -90.909704491908556, 48.105249440359202 ], [ -90.909683111765233, 48.105521205783091 ], [ -90.910081886330488, 48.1055357758827 ], [ -90.910480661075212, 48.105550344842733 ], [ -90.910459284089484, 48.105822110694881 ], [ -90.911256837454133, 48.105851245348411 ], [ -90.911235463626085, 48.106123011628846 ], [ -90.911214089618667, 48.106394778185361 ], [ -90.911192715431852, 48.106666545017966 ], [ -90.911171341065682, 48.106938312126665 ], [ -90.911570124691352, 48.106952878048517 ], [ -90.912367692480771, 48.106982006473331 ], [ -90.912303583323435, 48.10779731014113 ], [ -90.912702372492987, 48.107811872872333 ], [ -90.912659635495302, 48.108355410183776 ], [ -90.912260842988459, 48.108340847300411 ], [ -90.912218101936048, 48.108884385564501 ], [ -90.911819306271141, 48.108869821389263 ], [ -90.911797933807222, 48.109141590859501 ], [ -90.91177656116389, 48.109413360605878 ], [ -90.911377762340962, 48.109398795138816 ], [ -90.911356387849537, 48.109670565085409 ], [ -90.911335013178729, 48.109942335308183 ], [ -90.911313638328522, 48.110214105807259 ], [ -90.911249512701502, 48.11102941896187 ], [ -90.911648321537001, 48.111043984885562 ], [ -90.912047130551912, 48.111058549669593 ], [ -90.912068502602722, 48.110786778189564 ], [ -90.912866117832976, 48.110815904186275 ], [ -90.912887486366841, 48.110544132830341 ], [ -90.91368509897697, 48.110573254116176 ], [ -90.913706463993933, 48.110301482884346 ], [ -90.914105268899135, 48.110316041741655 ], [ -90.915301684690618, 48.11035971147556 ], [ -90.915323042853188, 48.110087940215706 ], [ -90.916120650939632, 48.110117047521101 ], [ -90.916142005585428, 48.109845276385485 ], [ -90.917737217233835, 48.109903477016012 ], [ -90.91771586926312, 48.110175248455789 ], [ -90.91851347949995, 48.110204342085026 ], [ -90.918492134687639, 48.110476113953027 ], [ -90.918890941743598, 48.110490659134101 ], [ -90.918848254919169, 48.111034203851005 ], [ -90.918826911238256, 48.111305976623846 ], [ -90.918428099175841, 48.111291431214767 ], [ -90.918385407938885, 48.111834977437439 ], [ -90.917587777676161, 48.111805882896078 ], [ -90.917566428451181, 48.112077656269896 ], [ -90.916768795567421, 48.112048557017609 ], [ -90.91674744282551, 48.112320330515679 ], [ -90.916348624983613, 48.112305779103899 ], [ -90.916327270393566, 48.112577552802257 ], [ -90.915928451061973, 48.112563000174745 ], [ -90.915885738006367, 48.11310654824851 ], [ -90.915486915516183, 48.113091994329118 ], [ -90.915465557050567, 48.113363768704488 ], [ -90.91544419840568, 48.113635543356246 ], [ -90.915045372756907, 48.113620988145016 ], [ -90.914981290739689, 48.114436313530483 ], [ -90.914582460263347, 48.11442175695128 ], [ -90.91456109756335, 48.114693532556537 ], [ -90.914539734684055, 48.114965308438215 ], [ -90.914938568498414, 48.114979865169573 ], [ -90.914917207108829, 48.11525164140383 ], [ -90.914895845539945, 48.115523417914453 ], [ -90.915294682871718, 48.115537973658142 ], [ -90.915273322792586, 48.115809750521322 ], [ -90.915230602096457, 48.116353305077141 ], [ -90.915209241479445, 48.116625082769843 ], [ -90.915145158552647, 48.117440417507005 ], [ -90.914746309537193, 48.117425861230757 ], [ -90.91466085644781, 48.118512977780881 ], [ -90.914262000935054, 48.118498420060476 ], [ -90.914219269976002, 48.119041979842862 ], [ -90.913820411304101, 48.119027420830399 ], [ -90.913799043886328, 48.11929920106035 ], [ -90.913400183724562, 48.11928464083195 ], [ -90.913378814458184, 48.11955642126248 ], [ -90.912979952806609, 48.119541859817993 ], [ -90.912958581691598, 48.119813640448996 ], [ -90.912559718550114, 48.119799077788585 ], [ -90.912538345586427, 48.120070858620124 ], [ -90.912139480955091, 48.120056294743691 ], [ -90.912118106142728, 48.120328075775703 ], [ -90.91171924002154, 48.120313510683246 ], [ -90.911697863360459, 48.120585291915837 ], [ -90.911298995749476, 48.120570725607351 ], [ -90.911277617239648, 48.120842507040415 ], [ -90.910878748138771, 48.120827939515856 ], [ -90.910857367780167, 48.12109972114947 ], [ -90.910835987242095, 48.121371503059706 ], [ -90.910437114982059, 48.121356934242982 ], [ -90.910038242901493, 48.121342364286342 ], [ -90.909639371000495, 48.121327793189757 ], [ -90.909617985274949, 48.12159957514821 ], [ -90.909219111884084, 48.121585002835573 ], [ -90.909197724309664, 48.121856784994591 ], [ -90.90879884942899, 48.121842211465832 ], [ -90.90877746000568, 48.122113993825295 ], [ -90.907979707444341, 48.122084843195658 ], [ -90.90795831450275, 48.122356625679501 ], [ -90.907160559320971, 48.12232747033773 ], [ -90.907139162861014, 48.122599252945896 ], [ -90.906740283870221, 48.122584673488873 ], [ -90.906697487072705, 48.123128239382972 ], [ -90.906298604922682, 48.123113658633585 ], [ -90.906277204585066, 48.123385441919517 ], [ -90.905878320945291, 48.123370859953965 ], [ -90.90547943748517, 48.123356276848469 ], [ -90.90545803362906, 48.123628060258696 ], [ -90.905436629593254, 48.123899843945729 ], [ -90.905037742974031, 48.123885259547762 ], [ -90.905016337089094, 48.124157043435332 ], [ -90.904617448980062, 48.124142457821137 ], [ -90.90457463333216, 48.124686026274162 ], [ -90.904175742063899, 48.124671439367525 ], [ -90.904154332300919, 48.124943223932902 ], [ -90.903755439542948, 48.124928635810022 ], [ -90.903691204167018, 48.125743990938496 ], [ -90.903292306580227, 48.125729401446797 ], [ -90.903270892759224, 48.126001186967059 ], [ -90.903249478758426, 48.126272972764149 ], [ -90.90285057801232, 48.126258381979888 ], [ -90.902807746132297, 48.126801954252088 ], [ -90.902408842226833, 48.126787362175236 ], [ -90.902387424347552, 48.127059148650382 ], [ -90.901988518952365, 48.127044555357209 ], [ -90.901589613736931, 48.127029960924062 ], [ -90.901568192338644, 48.12730174752344 ], [ -90.901967099223668, 48.127316342033005 ], [ -90.901945679315162, 48.1275881289857 ], [ -90.901924259226831, 48.127859916215201 ], [ -90.901859997882866, 48.12867527956567 ], [ -90.901461082649647, 48.128660684674593 ], [ -90.901439660172329, 48.12893247293561 ], [ -90.901040743449272, 48.128917876828211 ], [ -90.900641826906082, 48.128903279580697 ], [ -90.900598974733072, 48.129446856628412 ], [ -90.899402216164717, 48.129403057587439 ], [ -90.899003297001798, 48.129388455627016 ], [ -90.898981863966625, 48.12966024426094 ], [ -90.898582943313869, 48.129645641084075 ], [ -90.89856150842904, 48.129917429918677 ], [ -90.898162586286531, 48.129902825525321 ], [ -90.898141149552004, 48.13017461456063 ], [ -90.897742225919728, 48.130160008950803 ], [ -90.897720787335487, 48.130431798186763 ], [ -90.896922937271484, 48.130402583394101 ], [ -90.896944379195219, 48.130130794311007 ], [ -90.896545456102942, 48.130116185280947 ], [ -90.896566899516372, 48.129844396551142 ], [ -90.896167978273851, 48.129829786457414 ], [ -90.896189423176963, 48.129557998081076 ], [ -90.895790503784241, 48.12954338692365 ], [ -90.895811950177006, 48.12927159890075 ], [ -90.895413032633968, 48.129256986679657 ], [ -90.895434480516357, 48.12898519901011 ], [ -90.895035564823061, 48.128970585725384 ], [ -90.894636649309888, 48.128955971300563 ], [ -90.894237733976752, 48.128941355735748 ], [ -90.893439903850805, 48.128912121185863 ], [ -90.89341844762005, 48.12918390847333 ], [ -90.893019531157663, 48.129169289411884 ], [ -90.892976614816419, 48.129712864664818 ], [ -90.893375534618187, 48.129727483879108 ], [ -90.893354077847036, 48.129999271997541 ], [ -90.893752999498702, 48.130013890148199 ], [ -90.893710088755455, 48.130557467368838 ], [ -90.893311163764338, 48.130542849065307 ], [ -90.893289706452776, 48.130814638014748 ], [ -90.89289077997212, 48.130800018494597 ], [ -90.892869320810647, 48.131071807644624 ], [ -90.892847861469022, 48.131343597071698 ], [ -90.892448931828923, 48.131328976258594 ], [ -90.892050002369032, 48.131314354305346 ], [ -90.892028539507663, 48.131586143856488 ], [ -90.891629608558233, 48.131571520686727 ], [ -90.890831747199883, 48.131542270926765 ], [ -90.890033886562549, 48.131513016606448 ], [ -90.889634956514243, 48.131498387736059 ], [ -90.889613483453942, 48.131770177105437 ], [ -90.888815620558631, 48.131740915791461 ], [ -90.888416689381472, 48.131726283424257 ], [ -90.88845964534039, 48.131182705421736 ], [ -90.888060717683032, 48.131168072067553 ], [ -90.887661790206025, 48.131153437573211 ], [ -90.887640308977197, 48.131425226282907 ], [ -90.887241380010835, 48.13141059057196 ], [ -90.887219896931896, 48.131682379482214 ], [ -90.88715544661288, 48.132497747875263 ], [ -90.886756511147667, 48.132483110718042 ], [ -90.886735025677439, 48.132754900659982 ], [ -90.887133962812484, 48.132769537893722 ], [ -90.887112478831696, 48.133041328189371 ], [ -90.887511417816896, 48.133055964359542 ], [ -90.887489935325604, 48.133327755008764 ], [ -90.887425486769502, 48.134143128619371 ], [ -90.887026541104788, 48.134128492143041 ], [ -90.887005056222122, 48.134400283824213 ], [ -90.886962085915584, 48.13494386801834 ], [ -90.886940600491741, 48.135215660531109 ], [ -90.886541648327665, 48.135201022608406 ], [ -90.886520161053468, 48.135472815321847 ], [ -90.886121207399853, 48.135458176182382 ], [ -90.885323300633942, 48.135428894482899 ], [ -90.884924347521633, 48.135414251922874 ], [ -90.884902853387132, 48.135686044607226 ], [ -90.884104944363997, 48.135656755913459 ], [ -90.883705990123218, 48.135642109856313 ], [ -90.883684490798316, 48.135913902588115 ], [ -90.883285535068026, 48.135899255314122 ], [ -90.883264033892644, 48.136171048246531 ], [ -90.8828650766729, 48.136156399755784 ], [ -90.88284357364698, 48.136428192888779 ], [ -90.882444614937839, 48.136413543181206 ], [ -90.882423110061367, 48.13668533651483 ], [ -90.882401605004333, 48.136957130125673 ], [ -90.882002643135664, 48.136942479124635 ], [ -90.881981136228035, 48.137214272936085 ], [ -90.881582172869912, 48.137199620718192 ], [ -90.88156066411166, 48.137471414730314 ], [ -90.881161699264069, 48.137456761295567 ], [ -90.881140188655166, 48.137728555508303 ], [ -90.880741222318207, 48.137713900856767 ], [ -90.880762734597155, 48.137442106720648 ], [ -90.880363770110819, 48.137427451005465 ], [ -90.880385283879193, 48.137155657223275 ], [ -90.879986321243521, 48.137141000444572 ], [ -90.880007836501292, 48.13686920701636 ], [ -90.879608875716272, 48.136854549174075 ], [ -90.879630392463412, 48.136582756099727 ], [ -90.879231433529128, 48.136568097193923 ], [ -90.878433516202477, 48.136538775961711 ], [ -90.878411994445358, 48.13681056880602 ], [ -90.877614074501565, 48.136781242859641 ], [ -90.877592549223706, 48.137053035827776 ], [ -90.877193587852886, 48.137038371067611 ], [ -90.877150533414905, 48.137581957682279 ], [ -90.876751568884757, 48.137567291628422 ], [ -90.876708510383679, 48.138110879198749 ], [ -90.876309542694258, 48.138096211851291 ], [ -90.876288011502496, 48.138368005975657 ], [ -90.87588904232372, 48.138353337411253 ], [ -90.875867509281093, 48.138625131736191 ], [ -90.875468538613049, 48.138610461954812 ], [ -90.875069568125809, 48.138595791033225 ], [ -90.875091104508599, 48.138323996861715 ], [ -90.874293167416837, 48.138294651751274 ], [ -90.873894199142214, 48.138279977485716 ], [ -90.873495231048508, 48.138265302079972 ], [ -90.87347368798541, 48.138537095944379 ], [ -90.873074718402464, 48.138522419321639 ], [ -90.873031628393448, 48.139066007728893 ], [ -90.87263265565123, 48.139051329812318 ], [ -90.872589561578351, 48.139594919175416 ], [ -90.872568014270556, 48.139866714272962 ], [ -90.872546466781799, 48.140138509647826 ], [ -90.87294544620454, 48.140153187871576 ], [ -90.872923900205024, 48.14042498360061 ], [ -90.873322881478856, 48.140439660760805 ], [ -90.874120844569106, 48.140469011660365 ], [ -90.874519826385594, 48.140483685399758 ], [ -90.874498286885895, 48.140755481713249 ], [ -90.874897270553376, 48.140770154389074 ], [ -90.874875732543018, 48.141041951056692 ], [ -90.874811117426873, 48.141857342724194 ], [ -90.87521010795615, 48.141872014566758 ], [ -90.875145496223112, 48.142687408961422 ], [ -90.875544491944055, 48.142702079893986 ], [ -90.875522956008325, 48.142973878657223 ], [ -90.875921953580416, 48.142988548526155 ], [ -90.875900419134169, 48.143260347643626 ], [ -90.875878884507088, 48.143532147038599 ], [ -90.875479883594338, 48.143517477016168 ], [ -90.875458347116066, 48.14378927661182 ], [ -90.875059344713819, 48.143774605372258 ], [ -90.87503780638437, 48.144046405168787 ], [ -90.875016267874031, 48.144318205242783 ], [ -90.874994729182845, 48.14459000559436 ], [ -90.874973190310783, 48.144861806223425 ], [ -90.874951651257859, 48.145133607130035 ], [ -90.874552640684527, 48.145118934366288 ], [ -90.87457418140788, 48.144847133536473 ], [ -90.873776164144772, 48.144817784741406 ], [ -90.873797708028007, 48.144545984342649 ], [ -90.873398701338175, 48.144531308311393 ], [ -90.873420246710907, 48.144259508266941 ], [ -90.873021241872422, 48.144244831172088 ], [ -90.873042788734594, 48.143973031481934 ], [ -90.872643785747357, 48.143958353323519 ], [ -90.872244782941067, 48.143943674024783 ], [ -90.871845780315738, 48.143928993585689 ], [ -90.871824228442478, 48.144200793045378 ], [ -90.871425224327822, 48.144186111389132 ], [ -90.8710262203941, 48.144171428592493 ], [ -90.871004664999148, 48.144443228176115 ], [ -90.870605659576057, 48.144428544162309 ], [ -90.870562544902384, 48.144972144008491 ], [ -90.870163536319595, 48.144957458700659 ], [ -90.870120417580992, 48.145501059503381 ], [ -90.870098857940121, 48.145772860321117 ], [ -90.869699844527091, 48.145758173642413 ], [ -90.869656721361324, 48.146301775956964 ], [ -90.869635159506856, 48.146573577530575 ], [ -90.870034177931259, 48.146588264439821 ], [ -90.870433196536666, 48.146602950208688 ], [ -90.870411637842096, 48.146874752213641 ], [ -90.870810658299092, 48.14688943691889 ], [ -90.870789101093976, 48.147161239278347 ], [ -90.870390078966494, 48.147146554496253 ], [ -90.870346960672137, 48.147690159894367 ], [ -90.869947935384715, 48.147675473818097 ], [ -90.869548910278283, 48.147660786601492 ], [ -90.869149885352925, 48.147646098244401 ], [ -90.869106756311112, 48.148189704292044 ], [ -90.869085191518565, 48.148461507732399 ], [ -90.869063626544914, 48.148733311450428 ], [ -90.869042061390175, 48.149005115446116 ], [ -90.86944109466836, 48.149019804187546 ], [ -90.869397967156814, 48.149563413165815 ], [ -90.869376403129394, 48.149835218071559 ], [ -90.869775441600538, 48.149849905903089 ], [ -90.869753879062685, 48.150121711163486 ], [ -90.870152919385518, 48.150136397931355 ], [ -90.870131358337247, 48.150408203546348 ], [ -90.870530400511853, 48.150422889250571 ], [ -90.870929442867521, 48.150437573814386 ], [ -90.870886326910551, 48.150981186185 ], [ -90.870487281213499, 48.150966501467572 ], [ -90.870465721292732, 48.151238307992713 ], [ -90.870066674106027, 48.151223622057877 ], [ -90.870045112333472, 48.151495428783981 ], [ -90.870444161190903, 48.151510114795656 ], [ -90.870422600908014, 48.151781921876456 ], [ -90.870821651617248, 48.151796606824462 ], [ -90.870800092824041, 48.152068414259936 ], [ -90.871199145385049, 48.152083098144317 ], [ -90.871177588081551, 48.152354905934459 ], [ -90.871576642494418, 48.1523695887551 ], [ -90.871555086680672, 48.152641396899917 ], [ -90.871533530685909, 48.152913205322591 ], [ -90.870735415358084, 48.152883838233322 ], [ -90.870713855840648, 48.15315564678022 ], [ -90.870314796777492, 48.153140961447924 ], [ -90.87029323540817, 48.153412770195779 ], [ -90.869894174855247, 48.153398083646067 ], [ -90.869872611634008, 48.153669892594948 ], [ -90.869851048231666, 48.153941701821758 ], [ -90.869829484648221, 48.154213511326439 ], [ -90.870228550213682, 48.15422819810675 ], [ -90.870206988120017, 48.154500007966242 ], [ -90.870185425845264, 48.154771818103676 ], [ -90.870163863389422, 48.155043628518996 ], [ -90.870562934148651, 48.15505831438935 ], [ -90.870541373182633, 48.15533012515958 ], [ -90.870519812035539, 48.15560193620766 ], [ -90.870498250707357, 48.155873747533789 ], [ -90.870099174935291, 48.155859061432814 ], [ -90.870056048393735, 48.156402684765261 ], [ -90.869656969460834, 48.156387997369926 ], [ -90.869613838852842, 48.15693162166059 ], [ -90.869214756759135, 48.156916932970923 ], [ -90.869150054475625, 48.157732371261446 ], [ -90.868750967549914, 48.157717681200396 ], [ -90.868686258622873, 48.158533121762822 ], [ -90.869484442681809, 48.158562501205608 ], [ -90.869506009163146, 48.158290687252972 ], [ -90.869549141582411, 48.157747060181833 ], [ -90.869948228870399, 48.157761747961544 ], [ -90.869969793137287, 48.157489934766232 ], [ -90.869991357223071, 48.157218121848928 ], [ -90.870390441350082, 48.15723280833425 ], [ -90.870412003583724, 48.156960995618149 ], [ -90.871210169038932, 48.156990365013158 ], [ -90.871231727749461, 48.156718552421303 ], [ -90.871253286278915, 48.156446740107469 ], [ -90.871652365936143, 48.15646142294036 ], [ -90.871673922613539, 48.156189610827717 ], [ -90.871274844627308, 48.156174928071692 ], [ -90.871382633653397, 48.154815872062379 ], [ -90.871781703284924, 48.154830554434113 ], [ -90.871803258876085, 48.154558743989249 ], [ -90.872202327017732, 48.154573425143568 ], [ -90.872223880756962, 48.154301614899843 ], [ -90.873022014241471, 48.154330973633058 ], [ -90.873043564457916, 48.15405916351353 ], [ -90.873442629800792, 48.154073841092448 ], [ -90.873464178165406, 48.153802031174067 ], [ -90.873863242018331, 48.153816707535583 ], [ -90.873906334862909, 48.153273088378945 ], [ -90.874305395555155, 48.153287763446308 ], [ -90.874704456428319, 48.153302437373107 ], [ -90.874661370267162, 48.153846056836947 ], [ -90.874575195773673, 48.154933299099795 ], [ -90.874974266853087, 48.154947972346839 ], [ -90.87696962496365, 48.1550213214731 ], [ -90.877034226028741, 48.154205887976993 ], [ -90.876635159057642, 48.154191220663222 ], [ -90.8766566940552, 48.153919410130484 ], [ -90.876257628935818, 48.153904741752918 ], [ -90.876279165423369, 48.15363293157484 ], [ -90.876300701730074, 48.153361121674706 ], [ -90.876322237855902, 48.153089312052465 ], [ -90.876343773800883, 48.152817502708075 ], [ -90.876742832236857, 48.152832170778545 ], [ -90.876764366330136, 48.152560361635288 ], [ -90.877163423276087, 48.152575028488435 ], [ -90.87718495551772, 48.152303219546276 ], [ -90.877584010973749, 48.152317885182136 ], [ -90.877605541363749, 48.152046076441088 ], [ -90.878004595329799, 48.152060740859646 ], [ -90.87802612386821, 48.151788932319683 ], [ -90.878047652225817, 48.151517124057627 ], [ -90.878446703031045, 48.151531787182122 ], [ -90.878468229537106, 48.1512599791211 ], [ -90.878867278852425, 48.151274641028401 ], [ -90.878824229001083, 48.151818257581752 ], [ -90.879223281838705, 48.151832918502045 ], [ -90.879201758312675, 48.152104727272231 ], [ -90.879999867871732, 48.152134045844548 ], [ -90.880021388056178, 48.15186223692092 ], [ -90.880042908059892, 48.151590428275156 ], [ -90.880441959768973, 48.151605085697149 ], [ -90.880463477921197, 48.151333277252469 ], [ -90.880862528140227, 48.151347933457188 ], [ -90.880884044440975, 48.151076125213663 ], [ -90.881283093169927, 48.151090780201145 ], [ -90.881682142079512, 48.151105434048141 ], [ -90.882081191169831, 48.15112008675456 ], [ -90.882167234517183, 48.150032855638251 ], [ -90.882188744902422, 48.149761048553636 ], [ -90.882587785819737, 48.14977569973626 ], [ -90.882609294353657, 48.149503892852735 ], [ -90.882652310879578, 48.148960279918839 ], [ -90.883450383232031, 48.148989578402542 ], [ -90.883471887882777, 48.148717772198943 ], [ -90.88387092265927, 48.148732419653463 ], [ -90.885467063570857, 48.148790998066715 ], [ -90.885488559687815, 48.148519191757579 ], [ -90.885887593696424, 48.148533833433127 ], [ -90.885866099250109, 48.148805639818818 ], [ -90.886265135109809, 48.148820280430485 ], [ -90.886243642153659, 48.149092087170452 ], [ -90.886222149017001, 48.149363894188298 ], [ -90.887020227960662, 48.149393172296563 ], [ -90.887041717755949, 48.149121365125531 ], [ -90.887440755827768, 48.149136002392396 ], [ -90.887483731535639, 48.148592388730407 ], [ -90.888281801538056, 48.148621659536261 ], [ -90.888303285780012, 48.148349852968714 ], [ -90.889899421267131, 48.1484083805884 ], [ -90.889920898646139, 48.148136573992289 ], [ -90.890718964130627, 48.148165830806221 ], [ -90.891517030336473, 48.148195083058269 ], [ -90.891538500852604, 48.147923276433723 ], [ -90.891559971188414, 48.147651470086828 ], [ -90.891959001220499, 48.147666094349113 ], [ -90.89235803143292, 48.147680717470884 ], [ -90.89275706182562, 48.147695339452248 ], [ -90.893555123151714, 48.147724579993508 ], [ -90.894353185198781, 48.147753815972948 ], [ -90.894752216492591, 48.147768432251944 ], [ -90.895151247966623, 48.147783047390504 ], [ -90.895129792666495, 48.148054854425851 ], [ -90.895108337186187, 48.148326661738935 ], [ -90.895507372181712, 48.148341275889948 ], [ -90.895485918191895, 48.148613083557201 ], [ -90.895884955038255, 48.148627696644226 ], [ -90.895863502538958, 48.148899504665714 ], [ -90.896262541236112, 48.148914116688708 ], [ -90.896241090227363, 48.14918592506438 ], [ -90.896198187669455, 48.149729542649041 ], [ -90.896597231558943, 48.149744153760921 ], [ -90.896575781680525, 48.150015963046435 ], [ -90.896974827420905, 48.15003057309422 ], [ -90.897373873341408, 48.150045182001499 ], [ -90.897772919441991, 48.150059789768306 ], [ -90.897794364308169, 48.14978798025345 ], [ -90.898193408918118, 48.149802586803254 ], [ -90.898592453708162, 48.149817192212595 ], [ -90.898571012183496, 48.150089001880268 ], [ -90.898970058824318, 48.150103606225478 ], [ -90.898948618790357, 48.150375416247435 ], [ -90.899347667282058, 48.150390019528444 ], [ -90.899304790015591, 48.150933640558648 ], [ -90.899283351112274, 48.151205451490441 ], [ -90.899261912028919, 48.151477262700176 ], [ -90.899240472765527, 48.151749074187585 ], [ -90.899219033322055, 48.152020885952993 ], [ -90.898819974805406, 48.152006282213328 ], [ -90.898755650382014, 48.152821718947543 ], [ -90.899154713911344, 48.152836322916471 ], [ -90.899133273747665, 48.153108135793417 ], [ -90.899111833403907, 48.153379948948363 ], [ -90.899510900455141, 48.153394551929566 ], [ -90.899489461602272, 48.153666365438795 ], [ -90.899888530504512, 48.153680967355861 ], [ -90.899867093142547, 48.153952781219481 ], [ -90.900266163895736, 48.153967382072366 ], [ -90.900137545969031, 48.155598271550048 ], [ -90.900536626928428, 48.15561287172077 ], [ -90.900515191648225, 48.155884687683191 ], [ -90.900914274458714, 48.155899286789676 ], [ -90.900871406700404, 48.156442919701448 ], [ -90.900849972551228, 48.156714736574322 ], [ -90.901249060555017, 48.156729334769466 ], [ -90.901184762040742, 48.157544787285971 ], [ -90.901163328842628, 48.157816605347612 ], [ -90.901141895464477, 48.158088423687431 ], [ -90.901120461906316, 48.158360242305378 ], [ -90.900721363875533, 48.158345643651749 ], [ -90.900678492876708, 48.158889281569053 ], [ -90.900657057107225, 48.159161100944978 ], [ -90.900635621157704, 48.159432920599052 ], [ -90.899837412266464, 48.159403719258187 ], [ -90.899815972794372, 48.159675539037586 ], [ -90.899416866947647, 48.159660936579549 ], [ -90.899395425624192, 48.159932756560707 ], [ -90.897399890735699, 48.159859726777498 ], [ -90.897000784298442, 48.159845117398632 ], [ -90.895404360351307, 48.159786668475896 ], [ -90.895382902135012, 48.160058487970417 ], [ -90.893786474386573, 48.160000020489882 ], [ -90.893743544043048, 48.160543659701226 ], [ -90.894142654052317, 48.160558278435531 ], [ -90.894056797886961, 48.16164556050299 ], [ -90.894035333394896, 48.161917381715391 ], [ -90.894013868722539, 48.162189203206161 ], [ -90.893992403869902, 48.162461024975123 ], [ -90.893970938836958, 48.162732847022362 ], [ -90.893949473623707, 48.163004669347941 ], [ -90.893928008230162, 48.163276491951798 ], [ -90.89390654265631, 48.163548314833967 ], [ -90.893507414262004, 48.163533695257698 ], [ -90.893485946836392, 48.163805518341682 ], [ -90.89346447923046, 48.164077341704008 ], [ -90.893065347673613, 48.164062720833776 ], [ -90.893043878215863, 48.164334544397846 ], [ -90.892644745167829, 48.16431992231032 ], [ -90.892623273858277, 48.164591746076148 ], [ -90.892601802368347, 48.164863570120431 ], [ -90.892202666157687, 48.164848946738864 ], [ -90.892181192815897, 48.165120770984977 ], [ -90.892159719293716, 48.165392595509324 ], [ -90.891760579920444, 48.165377970833852 ], [ -90.891739104546346, 48.1656497955601 ], [ -90.89171762899187, 48.16592162056471 ], [ -90.891696153256987, 48.166193445847703 ], [ -90.891653201246029, 48.166737097249154 ], [ -90.891254053695263, 48.16672247104983 ], [ -90.891232575747566, 48.166994297091598 ], [ -90.891146662152579, 48.168081604043223 ], [ -90.89154581806153, 48.168096230625501 ], [ -90.891481385985855, 48.168911713993353 ], [ -90.891459908266455, 48.169183542339574 ], [ -90.891438430366634, 48.169455370964471 ], [ -90.891416952286406, 48.169727199867893 ], [ -90.891395474025728, 48.169999029049812 ], [ -90.890996306414749, 48.16998440193138 ], [ -90.890974826301871, 48.170256231315271 ], [ -90.890738533150184, 48.173246372927508 ], [ -90.890717050871785, 48.173518205655185 ], [ -90.890695568412909, 48.173790038661515 ], [ -90.890296377576306, 48.173775409329401 ], [ -90.890253408773191, 48.174319076025064 ], [ -90.890231924100874, 48.174590909790993 ], [ -90.890167469000971, 48.175406412761362 ], [ -90.890103012276526, 48.176221918240813 ], [ -90.890081526340708, 48.176493753958269 ], [ -90.890060040224355, 48.176765589954499 ], [ -90.890017067450117, 48.177309262783602 ], [ -90.889995580792217, 48.177581099616418 ], [ -90.889596366727304, 48.177566468070246 ], [ -90.88957487821672, 48.177838305105304 ], [ -90.889488922368983, 48.178925656034359 ], [ -90.889888144794824, 48.178940287963826 ], [ -90.889866657053759, 48.179212126469977 ], [ -90.889823681030009, 48.179755804319228 ], [ -90.889424453587424, 48.179741172159858 ], [ -90.889402963632463, 48.18001301142619 ], [ -90.889381473496954, 48.180284850971596 ], [ -90.888982242890421, 48.180270217517652 ], [ -90.888960750902044, 48.180542057265328 ], [ -90.888939258733103, 48.180813897291976 ], [ -90.888540024962481, 48.180799262543552 ], [ -90.88851853094063, 48.181071102772464 ], [ -90.888497036738187, 48.181342943280491 ], [ -90.888097799803504, 48.181328307237536 ], [ -90.888076303748107, 48.181600147947812 ], [ -90.887677065321739, 48.181585510686986 ], [ -90.887655567413375, 48.181857351599596 ], [ -90.887256327495209, 48.181842713120858 ], [ -90.887234827733863, 48.182114554235802 ], [ -90.886835586323969, 48.182099914539116 ], [ -90.886436345094737, 48.182085273701233 ], [ -90.886414841807962, 48.182357114941858 ], [ -90.886015599087074, 48.182342472886042 ], [ -90.885994093947232, 48.182614314328973 ], [ -90.885195605702677, 48.182585026640254 ], [ -90.885174097037321, 48.182856868208795 ], [ -90.884774851513711, 48.182842222575829 ], [ -90.884375606170877, 48.182827575801724 ], [ -90.884354093979979, 48.183099417495832 ], [ -90.883954847145446, 48.183084769503765 ], [ -90.883933333101368, 48.183356611400185 ], [ -90.883534084775164, 48.183341962190148 ], [ -90.88351256887789, 48.183613804288854 ], [ -90.88349105279984, 48.183885646666731 ], [ -90.88309180130959, 48.1838709961619 ], [ -90.883048765266167, 48.184414681601417 ], [ -90.883448020101341, 48.184429332259825 ], [ -90.883426503480905, 48.184701175475034 ], [ -90.883027246973242, 48.184686524739867 ], [ -90.883005728499512, 48.18495836815746 ], [ -90.882962691009624, 48.185502055830135 ], [ -90.883361952534855, 48.185516706795632 ], [ -90.883340435191229, 48.18578855112748 ], [ -90.883297399961592, 48.18633224062873 ], [ -90.882898133418692, 48.186317589432896 ], [ -90.882876613860063, 48.186589434525601 ], [ -90.882477345825336, 48.186574782111691 ], [ -90.882412781046696, 48.187390318834666 ], [ -90.882812054099261, 48.187404971478905 ], [ -90.882790533817342, 48.187676817688477 ], [ -90.882769013354562, 48.187948664177334 ], [ -90.882747492710976, 48.188220510945527 ], [ -90.883146770962298, 48.188235162678851 ], [ -90.883125251810554, 48.188507009803054 ], [ -90.883082212964581, 48.189050704889326 ], [ -90.883060693270366, 48.189322552851422 ], [ -90.883039173395289, 48.189594401092812 ], [ -90.883438460191059, 48.189609052068782 ], [ -90.883416941807937, 48.18988090066631 ], [ -90.883395423243968, 48.190152749543259 ], [ -90.88379471356609, 48.190167399531397 ], [ -90.883773196494104, 48.190439248764399 ], [ -90.883751679241286, 48.1907110982768 ], [ -90.884150973089774, 48.190725747277149 ], [ -90.884107941387356, 48.191269447293742 ], [ -90.88370864419322, 48.191254798139788 ], [ -90.883309347179861, 48.191240147844518 ], [ -90.883287827711754, 48.191511998118365 ], [ -90.882888529206383, 48.191497346604827 ], [ -90.882489230881916, 48.191482693949986 ], [ -90.882467707887272, 48.191754544349521 ], [ -90.882068408070751, 48.191739890476384 ], [ -90.882046883222372, 48.192011741078659 ], [ -90.881647581913882, 48.191997085987303 ], [ -90.881518418987483, 48.193628195008003 ], [ -90.881119107822443, 48.193613538314317 ], [ -90.881054518898068, 48.194429096367202 ], [ -90.880655202895085, 48.194414438301528 ], [ -90.880633671218774, 48.194686291467967 ], [ -90.880234353723694, 48.194671632183947 ], [ -90.880191286482159, 48.195215339201845 ], [ -90.879791965822008, 48.195200678622626 ], [ -90.879770430256769, 48.195472532474056 ], [ -90.879371108104579, 48.19545787067652 ], [ -90.879328033085045, 48.196001579064294 ], [ -90.879263419198224, 48.19681714374282 ], [ -90.879241880873934, 48.197088999194868 ], [ -90.879220342368654, 48.197360854926586 ], [ -90.879177264815013, 48.197904567228875 ], [ -90.878777927785947, 48.197889903597961 ], [ -90.878734846161905, 48.198433616865103 ], [ -90.878335505967456, 48.198418951938883 ], [ -90.878313963210701, 48.198690808915146 ], [ -90.878292420272871, 48.198962666171006 ], [ -90.877893076913068, 48.198947999949418 ], [ -90.877871532120977, 48.199219857408139 ], [ -90.877849987147798, 48.199491715146536 ], [ -90.877828441993557, 48.199763573164638 ], [ -90.877806896658242, 48.20003543146251 ], [ -90.878206246711002, 48.200050097991685 ], [ -90.878163158843705, 48.200593815580397 ], [ -90.878562512424097, 48.200608481121776 ], [ -90.878540969892157, 48.200880340412681 ], [ -90.878519427179157, 48.201152199983355 ], [ -90.87849788428511, 48.201424059833762 ], [ -90.878098525684749, 48.201409394061699 ], [ -90.878076980936271, 48.201681254115066 ], [ -90.877677620843627, 48.201666587124478 ], [ -90.877656074240733, 48.201938447380726 ], [ -90.877256712655864, 48.201923779171622 ], [ -90.877235164198495, 48.202195639630752 ], [ -90.876835801121317, 48.202180970203095 ], [ -90.87681425080946, 48.202452830865091 ], [ -90.876414886240028, 48.202438160218819 ], [ -90.87639333407364, 48.202710021083796 ], [ -90.876371781726107, 48.20298188222857 ], [ -90.876771149642352, 48.202996553028704 ], [ -90.876749598787086, 48.203268414530264 ], [ -90.87714896855789, 48.203283084265678 ], [ -90.87710586965089, 48.203826808262264 ], [ -90.8770843199257, 48.204098670680452 ], [ -90.877483694897947, 48.204113339504921 ], [ -90.877462146665124, 48.204385202279873 ], [ -90.877861523492015, 48.20439987003968 ], [ -90.877839976751574, 48.20467173317153 ], [ -90.877818429830029, 48.20494359658322 ], [ -90.878217810185035, 48.204958263355131 ], [ -90.878088534893948, 48.206589450165993 ], [ -90.878045441681437, 48.207133181342869 ], [ -90.877646047937773, 48.207118513955514 ], [ -90.877624499386215, 48.207390379887045 ], [ -90.877602950653554, 48.207662246098643 ], [ -90.877581401739747, 48.207934112590181 ], [ -90.877182003156236, 48.207919443830328 ], [ -90.877160452387614, 48.208191310525031 ], [ -90.877138901437846, 48.20846317749978 ], [ -90.876739499688171, 48.208448507444288 ], [ -90.876717946883531, 48.208720374622189 ], [ -90.876318543641261, 48.208705703347903 ], [ -90.87629698898175, 48.208977570728955 ], [ -90.876275434141064, 48.209249438390096 ], [ -90.87625387911919, 48.20952130633124 ], [ -90.87665328738268, 48.209535977836367 ], [ -90.877052695827274, 48.209550648199688 ], [ -90.877031143971749, 48.209822516574874 ], [ -90.877430554271328, 48.209837185873361 ], [ -90.877387453364364, 48.210380923618068 ], [ -90.877322800645302, 48.211196532336437 ], [ -90.876923381976667, 48.211181862653213 ], [ -90.876901829034153, 48.211453732709309 ], [ -90.876880275910466, 48.211725603045629 ], [ -90.876480854075353, 48.211710932066687 ], [ -90.876459299096609, 48.211982802606251 ], [ -90.876858722605604, 48.211997473662215 ], [ -90.876837169119554, 48.212269344558891 ], [ -90.87681561545233, 48.212541215735861 ], [ -90.877215042490349, 48.212555885803873 ], [ -90.877193490315861, 48.212827757338054 ], [ -90.877171937960213, 48.213099629152488 ], [ -90.87677250757433, 48.213084958930615 ], [ -90.876750953363569, 48.213356830948236 ], [ -90.877150385423391, 48.213371501247082 ], [ -90.877128832705381, 48.213643373622098 ], [ -90.877085726725852, 48.21418711921276 ], [ -90.877064173464319, 48.214458992428575 ], [ -90.876664734708555, 48.214444321821844 ], [ -90.876643179591809, 48.214716195240975 ], [ -90.876243739343266, 48.21470152341535 ], [ -90.876222182371293, 48.214973397037809 ], [ -90.876200625218104, 48.215245270940656 ], [ -90.876092836733832, 48.216604644659974 ], [ -90.876071278493299, 48.216876520245023 ], [ -90.876470732134464, 48.216891192686447 ], [ -90.876449175386824, 48.217163068628885 ], [ -90.876427618457981, 48.21743494485164 ], [ -90.876827075628725, 48.217449616305096 ], [ -90.876805520192832, 48.217721492885339 ], [ -90.876783964575722, 48.21799336974599 ], [ -90.877183425276044, 48.218008040211487 ], [ -90.877161871151927, 48.218279917429555 ], [ -90.87756133370759, 48.218294586830012 ], [ -90.877539781076493, 48.218566464405541 ], [ -90.877939245487624, 48.218581132740972 ], [ -90.877917694349563, 48.218853010673925 ], [ -90.878317160616106, 48.218867677944367 ], [ -90.878295610971136, 48.219139556234758 ], [ -90.878695079093092, 48.219154222440139 ], [ -90.878673530941214, 48.219426101087961 ], [ -90.87865198260819, 48.21969798001642 ], [ -90.879051454259809, 48.21971264523367 ], [ -90.879029907419905, 48.219984524519518 ], [ -90.879429380927036, 48.21999918867175 ], [ -90.879407835580309, 48.220271068315107 ], [ -90.87980731094288, 48.220285731402214 ], [ -90.879785767089345, 48.220557611403073 ], [ -90.88018524430737, 48.220572273425077 ], [ -90.880163701947055, 48.220844153783425 ], [ -90.880563181020506, 48.22085881474036 ], [ -90.880541640153439, 48.221130695456196 ], [ -90.880520099105297, 48.221402576452583 ], [ -90.880919581708625, 48.221417236421352 ], [ -90.880898042153774, 48.221689117775284 ], [ -90.88087650241782, 48.221960999409859 ], [ -90.880833422402659, 48.22250476352076 ], [ -90.880811882123425, 48.222776645997207 ], [ -90.881211373279967, 48.222791305208517 ], [ -90.881189834494108, 48.223063188042524 ], [ -90.880790341663101, 48.223048528754198 ], [ -90.88039084901321, 48.22303386832386 ], [ -90.880369306697304, 48.223305751284599 ], [ -90.879969812554094, 48.223291089635211 ], [ -90.879570318591959, 48.223276426843675 ], [ -90.879548772745977, 48.223548309931189 ], [ -90.8787497820162, 48.223518980767892 ], [ -90.878728232640057, 48.223790863982153 ], [ -90.878328735872486, 48.223776197610427 ], [ -90.877929239286061, 48.223761530096603 ], [ -90.87752974288081, 48.223746861440553 ], [ -90.877508188299984, 48.22401874470458 ], [ -90.877108690401471, 48.224004074829551 ], [ -90.877087133964906, 48.224275958297262 ], [ -90.876687634573159, 48.224261287203021 ], [ -90.876644517807222, 48.224805054826568 ], [ -90.876601400316261, 48.225348823572993 ], [ -90.877000906406195, 48.22536349497517 ], [ -90.876979349063404, 48.225635379846452 ], [ -90.876957791539368, 48.225907264998533 ], [ -90.876936233834073, 48.226179150431314 ], [ -90.876914675947532, 48.226451036144965 ], [ -90.876893117879732, 48.226722922139345 ], [ -90.876493603416733, 48.22670825035209 ], [ -90.876472043493024, 48.226980136550296 ], [ -90.876072527536607, 48.22696546354387 ], [ -90.875673011761478, 48.22695078939531 ], [ -90.875651448307153, 48.227222675720192 ], [ -90.875629884671525, 48.22749456232593 ], [ -90.876029403795997, 48.22750923662862 ], [ -90.876007841653774, 48.227781123592173 ], [ -90.875986279330235, 48.228053010836625 ], [ -90.875964716825408, 48.228324898361834 ], [ -90.876364241155287, 48.228339571753395 ], [ -90.876342680143878, 48.228611459636561 ], [ -90.876321118951196, 48.228883347800561 ], [ -90.876299557577227, 48.22915523624544 ], [ -90.876277996021955, 48.229427124971274 ], [ -90.876256434285381, 48.229699013977935 ], [ -90.876234872367519, 48.229970903265553 ], [ -90.876213310268341, 48.230242792834055 ], [ -90.876191747987889, 48.230514682683534 ], [ -90.876170185526107, 48.23078657281399 ], [ -90.876148622883022, 48.231058463225324 ], [ -90.876083933865928, 48.231874136145287 ], [ -90.87648348014973, 48.231888809395933 ], [ -90.876461918456329, 48.232160701008269 ], [ -90.876861466596395, 48.232175373193613 ], [ -90.876839906396611, 48.232447265164005 ], [ -90.877239456392928, 48.232461936284189 ], [ -90.878038556929297, 48.232491275097608 ], [ -90.878017001573099, 48.23276316758006 ], [ -90.878416553788142, 48.232777835350291 ], [ -90.878816106184445, 48.232792501978281 ], [ -90.878794553996926, 48.23306439489582 ], [ -90.879194108249422, 48.233079060458479 ], [ -90.879172557555663, 48.233350953733989 ], [ -90.879572113664324, 48.233365618231367 ], [ -90.879550564464367, 48.233637511864927 ], [ -90.880349680575378, 48.233666837586654 ], [ -90.880328134544271, 48.233938731655329 ], [ -90.881127254730018, 48.233968052961686 ], [ -90.881105711867804, 48.234239947465412 ], [ -90.881904836128285, 48.234269264356342 ], [ -90.881883296435063, 48.234541159295041 ], [ -90.882282860512007, 48.23455581610397 ], [ -90.882261322312729, 48.234827711400754 ], [ -90.88186175656071, 48.234813054514873 ], [ -90.881840216505225, 48.235084950015853 ], [ -90.881440649259176, 48.235070291910603 ], [ -90.881397565254588, 48.23561408360203 ], [ -90.881376022980575, 48.23588597986943 ], [ -90.88097645089033, 48.235871320390956 ], [ -90.88095490676001, 48.23614321686258 ], [ -90.88093336244853, 48.236415113615365 ], [ -90.880134212111003, 48.236385790923386 ], [ -90.880112664268012, 48.236657687803337 ], [ -90.879713087695833, 48.236643024666812 ], [ -90.878514359066742, 48.236599028402686 ], [ -90.878492804341832, 48.236870925255879 ], [ -90.877693649478331, 48.236841588547158 ], [ -90.877294072318549, 48.23682691847926 ], [ -90.876894495340025, 48.236812247268944 ], [ -90.876916056765594, 48.236540350723843 ], [ -90.876937618009848, 48.236268454459982 ], [ -90.876538044562949, 48.236253782261322 ], [ -90.876559607301033, 48.235981886355709 ], [ -90.876581169857786, 48.235709990731195 ], [ -90.876602732233238, 48.235438095387877 ], [ -90.876203163993011, 48.235423422278004 ], [ -90.876224727862223, 48.235151527292864 ], [ -90.876246291550103, 48.23487963258885 ], [ -90.875846726841417, 48.234864958490704 ], [ -90.875868292023043, 48.234593064144825 ], [ -90.875468729170692, 48.234578388981404 ], [ -90.875490295846021, 48.234306494993696 ], [ -90.875511862339991, 48.234034601287128 ], [ -90.875112303019066, 48.23401992513547 ], [ -90.87513387100671, 48.23374803178703 ], [ -90.87473431354222, 48.23373335457007 ], [ -90.874755883023496, 48.233461461579687 ], [ -90.874777452323386, 48.233189568870451 ], [ -90.874377898390208, 48.233174890665374 ], [ -90.8743994691837, 48.232902998314188 ], [ -90.873999917106843, 48.23288831904388 ], [ -90.874021489393911, 48.232616427050793 ], [ -90.874043061499592, 48.232344535338783 ], [ -90.873643512954018, 48.232329855080302 ], [ -90.873665086553217, 48.232057963726334 ], [ -90.873265539864022, 48.232043282402657 ], [ -90.873287114956725, 48.231771391406816 ], [ -90.873308689868011, 48.231499500691896 ], [ -90.872909146709972, 48.231484818380103 ], [ -90.87293072311472, 48.231212928023332 ], [ -90.872531181812974, 48.231198244646329 ], [ -90.872552759711155, 48.230926354647558 ], [ -90.872153220265702, 48.23091167020543 ], [ -90.872196378867429, 48.230367891204871 ], [ -90.871796842953145, 48.230353205774641 ], [ -90.871818423656649, 48.23008131677291 ], [ -90.871418889598573, 48.230066630277612 ], [ -90.871440471795424, 48.229794741633825 ], [ -90.871040939593613, 48.229780054073359 ], [ -90.871062523283754, 48.229508165787607 ], [ -90.87066299293825, 48.229493477162045 ], [ -90.870263462774204, 48.229478787394271 ], [ -90.8702850496324, 48.229206899543669 ], [ -90.869885521324591, 48.229192208710721 ], [ -90.869907109676035, 48.228920321218105 ], [ -90.86950758322449, 48.228905629320145 ], [ -90.868708530866073, 48.228876242097542 ], [ -90.868309004959187, 48.22886154677294 ], [ -90.867509953690174, 48.228832152697123 ], [ -90.86748835529032, 48.229104039726927 ], [ -90.867088828253458, 48.229089340898575 ], [ -90.867067227997282, 48.229361228132092 ], [ -90.866667699467286, 48.229346528084385 ], [ -90.866646097354732, 48.229618415521564 ], [ -90.866624495060549, 48.229890303239678 ], [ -90.865825431846503, 48.229860899408848 ], [ -90.865803826021121, 48.230132787253538 ], [ -90.865782220014069, 48.230404675379098 ], [ -90.865382685329948, 48.230389971595962 ], [ -90.865361077466432, 48.23066185992532 ], [ -90.86496154128919, 48.230647154922814 ], [ -90.864896711584009, 48.231462821364694 ], [ -90.86449717056405, 48.231448114988289 ], [ -90.864432334198867, 48.232263783727262 ], [ -90.864032788336004, 48.232249075976988 ], [ -90.864011174175928, 48.232520966041399 ], [ -90.863611626819917, 48.23250625707162 ], [ -90.863590010803193, 48.232778147339836 ], [ -90.863190461954076, 48.23276343715056 ], [ -90.862391364801098, 48.232734013345194 ], [ -90.862369743577872, 48.233005903662701 ], [ -90.861570643802338, 48.23297647513369 ], [ -90.861549019047473, 48.233248365577765 ], [ -90.860749916649382, 48.233218932325123 ], [ -90.860728288362807, 48.233490822895639 ], [ -90.859929183342373, 48.233461384919316 ], [ -90.859529631104962, 48.233446664217752 ], [ -90.859507997611701, 48.233718554837388 ], [ -90.858708890332821, 48.233689109852769 ], [ -90.857909783781636, 48.233659660298933 ], [ -90.857888143406669, 48.233931550890468 ], [ -90.857488588729083, 48.233916824322797 ], [ -90.857089034233539, 48.233902096612844 ], [ -90.856689479919922, 48.233887367760623 ], [ -90.856289925788317, 48.233872637766119 ], [ -90.856268278531587, 48.234144528329345 ], [ -90.855469167464648, 48.234115064758718 ], [ -90.85544751667598, 48.234386955448308 ], [ -90.854248846416127, 48.234342751293013 ], [ -90.854227190420488, 48.234614642031602 ], [ -90.853827632356413, 48.234599904951239 ], [ -90.8538059745037, 48.234871795893483 ], [ -90.853762658251938, 48.235415578621307 ], [ -90.85374099985286, 48.23568747040683 ], [ -90.853676023562898, 48.236503147450172 ], [ -90.854075593352107, 48.236517885072253 ], [ -90.8540539358996, 48.236789778059702 ], [ -90.854453507545941, 48.23680451461685 ], [ -90.85485307937445, 48.236819250031566 ], [ -90.855252651385044, 48.236833984303985 ], [ -90.855652223577664, 48.236848717434007 ], [ -90.856051795952396, 48.236863449421705 ], [ -90.856451368509198, 48.236878180267006 ], [ -90.856429720925149, 48.237150073999821 ], [ -90.856408073159045, 48.237421968013784 ], [ -90.8563864252109, 48.237693862308987 ], [ -90.856364777080742, 48.23796575688533 ], [ -90.856343128768515, 48.238237651742885 ], [ -90.856321480274246, 48.238509546881708 ], [ -90.856299831597923, 48.23878144230175 ], [ -90.85590024731512, 48.238766710914916 ], [ -90.855856946065913, 48.239310502443978 ], [ -90.85625653369911, 48.239325233985554 ], [ -90.856656121514376, 48.239339964384676 ], [ -90.856634473967119, 48.239611860725773 ], [ -90.857034063639603, 48.239626590059842 ], [ -90.857012417585551, 48.2398984867596 ], [ -90.856990771349459, 48.240170383740633 ], [ -90.857390364554533, 48.240185112087019 ], [ -90.857789957941648, 48.240199839290902 ], [ -90.857768314874079, 48.240471736707896 ], [ -90.858167910118453, 48.240486462846746 ], [ -90.858146268544175, 48.240758360622472 ], [ -90.858945462929483, 48.240787809627406 ], [ -90.858923824523814, 48.241059707839057 ], [ -90.859723022987637, 48.24108915242892 ], [ -90.859701387750661, 48.241361051076566 ], [ -90.860500590292972, 48.241390491251188 ], [ -90.860900191837018, 48.241405209624837 ], [ -90.861299793562921, 48.241419926855926 ], [ -90.86209899756048, 48.241449357890886 ], [ -90.862077372193696, 48.241721257283629 ], [ -90.862055746645026, 48.241993156957768 ], [ -90.862455352267347, 48.242007870916069 ], [ -90.86243372821221, 48.242279770948912 ], [ -90.862833335691718, 48.242294483842009 ], [ -90.862811713130142, 48.242566384233413 ], [ -90.863211322466952, 48.242581096061308 ], [ -90.863189701398952, 48.242852996811493 ], [ -90.863589312593021, 48.242867707574085 ], [ -90.863546073262398, 48.243411510073173 ], [ -90.863945687989144, 48.243426219847876 ], [ -90.863902451282186, 48.243970023627163 ], [ -90.86388083265598, 48.244241925938958 ], [ -90.864280452591032, 48.244256634802916 ], [ -90.864237218144225, 48.244800440425529 ], [ -90.864215600648123, 48.245072343659054 ], [ -90.864172365110463, 48.245616150970655 ], [ -90.864150747068933, 48.245888055048759 ], [ -90.864107510440391, 48.246431864049576 ], [ -90.863707877100836, 48.246417154567531 ], [ -90.863664636393764, 48.246960964539902 ], [ -90.863264999884848, 48.246946253760754 ], [ -90.86324337758289, 48.247218159092093 ], [ -90.862843739580114, 48.247203447093021 ], [ -90.862822115420641, 48.247475352628612 ], [ -90.862800491079312, 48.247747258445806 ], [ -90.862400849907061, 48.24773254514961 ], [ -90.862292717093652, 48.249092078073474 ], [ -90.862271089985271, 48.249363985503159 ], [ -90.861871438940639, 48.249349270600504 ], [ -90.861849809974586, 48.249621178234577 ], [ -90.861828180826635, 48.249893086150372 ], [ -90.861428526612315, 48.249878369950444 ], [ -90.861406895606621, 48.250150278070578 ], [ -90.861806551496741, 48.250164994347777 ], [ -90.861741662415554, 48.250980720630359 ], [ -90.862141323515019, 48.250995435996849 ], [ -90.862119695133302, 48.251267345398475 ], [ -90.86251935809058, 48.251282059699633 ], [ -90.862497731202808, 48.251553969460311 ], [ -90.862897396017871, 48.251568682696046 ], [ -90.862854145048388, 48.252112503217298 ], [ -90.863253813397094, 48.252127215464959 ], [ -90.863232189315426, 48.252399126225562 ], [ -90.864031529910406, 48.252428547447401 ], [ -90.865230542166699, 48.252472670709743 ], [ -90.865252157868753, 48.252200759562761 ], [ -90.866850836718768, 48.252259574272209 ], [ -90.866872445535321, 48.251987663097935 ], [ -90.867671782699048, 48.252017063441976 ], [ -90.867650177234353, 48.252288974770714 ], [ -90.868049847764766, 48.252303673305832 ], [ -90.868006639642104, 48.252847496963128 ], [ -90.867606965759776, 48.252832798273481 ], [ -90.867585359749896, 48.253104710447609 ], [ -90.867185684373396, 48.253090010538045 ], [ -90.866786009178583, 48.253075309485752 ], [ -90.866764399634988, 48.253347221787209 ], [ -90.86636472294596, 48.253332519514942 ], [ -90.866343111544623, 48.253604432020957 ], [ -90.86594343336138, 48.253589728528667 ], [ -90.865921820102244, 48.253861641239325 ], [ -90.865522140424858, 48.253846936527005 ], [ -90.865122460929229, 48.253832230671975 ], [ -90.865100844136265, 48.254104143509942 ], [ -90.865079227161459, 48.254376056629766 ], [ -90.864679544495601, 48.254361349477378 ], [ -90.864657925662954, 48.25463326280174 ], [ -90.864636306648435, 48.254905176408045 ], [ -90.864614687452075, 48.255177090296272 ], [ -90.864214999939961, 48.25516238176931 ], [ -90.864193378885659, 48.255434295862123 ], [ -90.864171757649501, 48.255706210236788 ], [ -90.864150136231473, 48.255978124893481 ], [ -90.86410689284979, 48.256521955052527 ], [ -90.864063648740597, 48.257065786339503 ], [ -90.864020403903865, 48.257609618754309 ], [ -90.864420106501228, 48.257624327976934 ], [ -90.864398485486234, 48.257896244684702 ], [ -90.863998781212686, 48.257881535384776 ], [ -90.862399965937342, 48.257822686756725 ], [ -90.862421595333345, 48.257550770435529 ], [ -90.862021893645505, 48.257536055498804 ], [ -90.862043524535736, 48.257264139537007 ], [ -90.862065155244025, 48.256992223857125 ], [ -90.861665457090496, 48.256977507932255 ], [ -90.861687089292985, 48.256705592611738 ], [ -90.861708721313491, 48.256433677573114 ], [ -90.861730353152041, 48.256161762816511 ], [ -90.861330660208935, 48.256147045980818 ], [ -90.861352293541628, 48.255875131583501 ], [ -90.860952602456564, 48.255860413682392 ], [ -90.860974237283386, 48.255588499644247 ], [ -90.860574548056377, 48.255573780677693 ], [ -90.860596184377286, 48.255301866998884 ], [ -90.86019649700836, 48.255287146966893 ], [ -90.86023977245631, 48.254743320609613 ], [ -90.859840088621525, 48.25472859958959 ], [ -90.859861727748523, 48.254456686911162 ], [ -90.859462045771735, 48.254441964825695 ], [ -90.859483686392736, 48.25417005250651 ], [ -90.859084006273989, 48.25415532935569 ], [ -90.859105648388947, 48.253883417395699 ], [ -90.858705970128241, 48.25386869317947 ], [ -90.85872761373713, 48.253596781578693 ], [ -90.858749257163993, 48.253324870259796 ], [ -90.858349582437313, 48.2533101450556 ], [ -90.858392872096758, 48.252766323417895 ], [ -90.857993200903977, 48.252751597225739 ], [ -90.858014847136531, 48.252479686906959 ], [ -90.858036493187015, 48.252207776870002 ], [ -90.857636825528118, 48.252193049689865 ], [ -90.857658473072433, 48.25192114001203 ], [ -90.857680120434665, 48.251649230615918 ], [ -90.857280456309653, 48.251634502447921 ], [ -90.857302105165672, 48.251362593411038 ], [ -90.856902442898544, 48.251347864177653 ], [ -90.85692409324831, 48.251075955499886 ], [ -90.856945743415977, 48.250804047103792 ], [ -90.856967393401533, 48.250532138989477 ], [ -90.857367050641173, 48.2505468679906 ], [ -90.857388698768844, 48.250274960080581 ], [ -90.857410346714445, 48.250003052452271 ], [ -90.857431994477949, 48.249731145105621 ], [ -90.856632690235486, 48.249701686424906 ], [ -90.856233038387415, 48.249686955370613 ], [ -90.856254690996124, 48.249415048537799 ], [ -90.856276343422707, 48.249143141986643 ], [ -90.855876695108279, 48.249128409944525 ], [ -90.855898349028479, 48.248856503752414 ], [ -90.85549870257185, 48.248841770645036 ], [ -90.855477046975935, 48.249113676759698 ], [ -90.85467775125764, 48.249084206962294 ], [ -90.854278103671803, 48.249069470349674 ], [ -90.853079162007319, 48.249025253656001 ], [ -90.852279868475378, 48.248995770147118 ], [ -90.852258199291526, 48.249267675923981 ], [ -90.851858551123229, 48.249252932378155 ], [ -90.851880221982782, 48.248981026678749 ], [ -90.850681283598689, 48.248936789417982 ], [ -90.850702959303078, 48.248664884232554 ], [ -90.849903671309931, 48.248635387167283 ], [ -90.849925350183369, 48.248363482418412 ], [ -90.849126066270841, 48.248333980937694 ], [ -90.849147748313257, 48.248062076625345 ], [ -90.848348468481518, 48.248032570729237 ], [ -90.848370153692855, 48.247760666853651 ], [ -90.847970515726161, 48.247745912269217 ], [ -90.847992202430731, 48.247474008752619 ], [ -90.847592566322049, 48.247459253103138 ], [ -90.84761425451984, 48.247187349945655 ], [ -90.847214620269213, 48.247172593231127 ], [ -90.847236309960181, 48.246900690432689 ], [ -90.846836677567524, 48.246885932653129 ], [ -90.846858368751626, 48.246614030213742 ], [ -90.846880059753317, 48.246342128055915 ], [ -90.846480430894218, 48.246327369288828 ], [ -90.846502123389016, 48.246055467490073 ], [ -90.84652381570136, 48.245783565972857 ], [ -90.846124190375775, 48.245768806218265 ], [ -90.846167577804181, 48.245225004183361 ], [ -90.845767956012097, 48.245210243441292 ], [ -90.84581134606168, 48.244666442687375 ], [ -90.845833040812792, 48.244394542732557 ], [ -90.845854735381437, 48.244122643059221 ], [ -90.845876429767628, 48.24385074366738 ], [ -90.845476816535196, 48.243835982170417 ], [ -90.845498512414366, 48.2435640831375 ], [ -90.84509890103979, 48.243549320575617 ], [ -90.845120598411896, 48.243277421901645 ], [ -90.845142295601519, 48.243005523509055 ], [ -90.844742687760245, 48.242990759959767 ], [ -90.844343080101396, 48.24297599526804 ], [ -90.844364780459273, 48.242704097311972 ], [ -90.844386480634654, 48.242432199637229 ], [ -90.843587272565856, 48.242402667136616 ], [ -90.843608975909405, 48.242130769898303 ], [ -90.843630679070429, 48.241858872941393 ], [ -90.843231078660494, 48.241844105132515 ], [ -90.843252783314284, 48.241572208534507 ], [ -90.843274487785564, 48.241300312217781 ], [ -90.842874890908689, 48.241285543421583 ], [ -90.842896596872706, 48.241013647463802 ], [ -90.84249700185363, 48.240998877602742 ], [ -90.842518709310355, 48.240726982003856 ], [ -90.842119116149135, 48.240712211077906 ], [ -90.842140825098539, 48.240440315837837 ], [ -90.841741233795062, 48.240425543847088 ], [ -90.841762944237132, 48.24015364896588 ], [ -90.840963765528315, 48.24012410171229 ], [ -90.840985479138212, 48.239852207267532 ], [ -90.840585891732957, 48.239837432004798 ], [ -90.840629321755301, 48.239293644114234 ], [ -90.840651036492559, 48.239021750590744 ], [ -90.841050618872302, 48.23903652562079 ], [ -90.841072331751818, 48.238764632300992 ], [ -90.841471912639079, 48.238779406111099 ], [ -90.841871493708908, 48.238794178778718 ], [ -90.841893203055577, 48.23852228558502 ], [ -90.842292782632825, 48.238537057032744 ], [ -90.842314490121808, 48.23826516404263 ], [ -90.842714068206433, 48.238279934270444 ], [ -90.842735773837788, 48.238008041483965 ], [ -90.843135350429876, 48.238022810491856 ], [ -90.843157054203587, 48.237750917909054 ], [ -90.843556629303094, 48.237765685696999 ], [ -90.84357833121922, 48.237493793317796 ], [ -90.843977904826104, 48.237508559885882 ], [ -90.844043004454335, 48.23669288420264 ], [ -90.844442573218558, 48.236707649395768 ], [ -90.844464271054662, 48.236435757986051 ], [ -90.844485968708298, 48.236163866857531 ], [ -90.844507666179481, 48.23589197601013 ], [ -90.844529363468226, 48.235620085443841 ], [ -90.844572757498341, 48.235076305154507 ], [ -90.844173198784105, 48.235061540426521 ], [ -90.844194897200452, 48.234789650781018 ], [ -90.843795340343661, 48.234774884988255 ], [ -90.843817040252489, 48.234502995701291 ], [ -90.843417485253056, 48.23448822884383 ], [ -90.843439186654322, 48.234216339915477 ], [ -90.843039633512291, 48.234201571993196 ], [ -90.842640080552798, 48.234186802928711 ], [ -90.842661785121379, 48.233914914436447 ], [ -90.842262234019245, 48.233900144307256 ], [ -90.842283940080208, 48.233628256173596 ], [ -90.842305645958632, 48.233356368320884 ], [ -90.841906098388776, 48.233341597204472 ], [ -90.841927805759539, 48.233069709710428 ], [ -90.841528260047042, 48.233054937529268 ], [ -90.84154996891013, 48.232783050393756 ], [ -90.841150425055062, 48.232768277147969 ], [ -90.841172135410417, 48.232496390370954 ], [ -90.840772593412666, 48.232481616060483 ], [ -90.840373051597467, 48.232466840607749 ], [ -90.84041647845973, 48.231923068206875 ], [ -90.840016940176682, 48.231908291767056 ], [ -90.840038655008726, 48.231636406065647 ], [ -90.839639118583079, 48.231621628561214 ], [ -90.839682551048895, 48.231077858156283 ], [ -90.839283018155299, 48.231063079664779 ], [ -90.839326453240162, 48.230519310538646 ], [ -90.839348170508686, 48.230247426396893 ], [ -90.8393698875946, 48.229975542536046 ], [ -90.839391604497919, 48.229703658956012 ], [ -90.839791129018039, 48.229718437059617 ], [ -90.839834558927606, 48.229174670586936 ], [ -90.839856273608518, 48.22890278777183 ], [ -90.839877988106849, 48.228630905237623 ], [ -90.839964844274476, 48.227543377908667 ], [ -90.839565333151171, 48.22752860042565 ], [ -90.83960876348867, 48.226984838600949 ], [ -90.839209255897003, 48.226970060130995 ], [ -90.83923097246641, 48.226698179717317 ], [ -90.838831466731904, 48.226683400182829 ], [ -90.838853184793194, 48.226411520127414 ], [ -90.838453680915734, 48.226396739528425 ], [ -90.838475400468923, 48.226124859831415 ], [ -90.838075898448537, 48.226110078167807 ], [ -90.838097619493567, 48.225838198829074 ], [ -90.83769811933027, 48.22582341610098 ], [ -90.8377850083819, 48.224735901863184 ], [ -90.837806730188234, 48.224464024005435 ], [ -90.838206221979434, 48.224478806345559 ], [ -90.838227941928793, 48.224206928690812 ], [ -90.838249661695514, 48.223935051316673 ], [ -90.838649150320578, 48.223949832359551 ], [ -90.838670868230366, 48.223677955188514 ], [ -90.838692585957546, 48.223406078298062 ], [ -90.838736020864175, 48.222862325358953 ], [ -90.838757738043611, 48.222590449310324 ], [ -90.838358257790134, 48.222575668655224 ], [ -90.837958777719265, 48.222560886858226 ], [ -90.837980498064667, 48.222289011245238 ], [ -90.838002218227487, 48.222017135912793 ], [ -90.837602741687803, 48.222002353128893 ], [ -90.837624463342252, 48.221730478154647 ], [ -90.837646184814091, 48.221458603460881 ], [ -90.837246711805449, 48.221443819690123 ], [ -90.837268434768902, 48.221171945354449 ], [ -90.837290157549717, 48.220900071299369 ], [ -90.836890688072117, 48.220885286541773 ], [ -90.836934136434252, 48.220341539428155 ], [ -90.836534670487637, 48.220326753683821 ], [ -90.836578121467554, 48.219783007847305 ], [ -90.836178659051939, 48.219768221116148 ], [ -90.83620038594205, 48.21949634869614 ], [ -90.836222112649523, 48.219224476556604 ], [ -90.83624383917433, 48.218952604697499 ], [ -90.836265565516499, 48.218680733118831 ], [ -90.836330743447149, 48.217865120065156 ], [ -90.836730194144181, 48.217879906253174 ], [ -90.836773641836714, 48.21733616546414 ], [ -90.836795365409046, 48.217064295490147 ], [ -90.837194811266713, 48.217079080303584 ], [ -90.837216532982438, 48.216807210532338 ], [ -90.837615977348719, 48.216821994126249 ], [ -90.837637697207853, 48.216550124557934 ], [ -90.837659416884421, 48.216278255269799 ], [ -90.837681136378407, 48.216006386262002 ], [ -90.837746293764894, 48.215190780920487 ], [ -90.837346859442263, 48.215175997791938 ], [ -90.837390300134814, 48.214632262454082 ], [ -90.837412020207211, 48.21436039520551 ], [ -90.837012591088808, 48.214345611167801 ], [ -90.837034312652477, 48.214073744277094 ], [ -90.837056034033566, 48.213801877666505 ], [ -90.837099476247957, 48.21325814528619 ], [ -90.83712119708126, 48.212986279516258 ], [ -90.836721776514594, 48.212971494724542 ], [ -90.836743498839112, 48.212699629312418 ], [ -90.836344080128754, 48.212684843456465 ], [ -90.836452697381077, 48.21132552098593 ], [ -90.836053287221986, 48.211310734376063 ], [ -90.836118460403227, 48.210495144487908 ], [ -90.83614018443177, 48.210223281752086 ], [ -90.836183631941026, 48.209679557120573 ], [ -90.836205355421768, 48.209407695224954 ], [ -90.836604753865345, 48.209422481291952 ], [ -90.836626475489894, 48.209150619598766 ], [ -90.836648196931861, 48.208878758185655 ], [ -90.837047592210865, 48.208893542955828 ], [ -90.837069311796697, 48.208621681745186 ], [ -90.837091031199961, 48.208349820814483 ], [ -90.83749042331435, 48.208364604287844 ], [ -90.837512140861534, 48.208092743559703 ], [ -90.837533858226152, 48.207820883111566 ], [ -90.837933247176082, 48.207835665288151 ], [ -90.837954962684648, 48.207563805042419 ], [ -90.838354350143575, 48.207578585999791 ], [ -90.838397777266181, 48.207034866193148 ], [ -90.83879716156062, 48.207049645853829 ], [ -90.838818873174688, 48.20677778629301 ], [ -90.839218255978096, 48.206792564734421 ], [ -90.839239965736226, 48.206520705375979 ], [ -90.839261675311874, 48.20624884629747 ], [ -90.839661054950867, 48.206263623442297 ], [ -90.83968276267062, 48.205991764566186 ], [ -90.840082140818637, 48.206006540491799 ], [ -90.840103846682496, 48.205734681818207 ], [ -90.840125552363929, 48.20546282342444 ], [ -90.840524927347545, 48.205477598053427 ], [ -90.840546631173126, 48.205205739862052 ], [ -90.840590038277057, 48.204662024318992 ], [ -90.840611741555421, 48.204390166967251 ], [ -90.840212373265317, 48.204375392648146 ], [ -90.840234078034598, 48.204103535653758 ], [ -90.839834711600275, 48.204088760270466 ], [ -90.839856417860446, 48.203816903633474 ], [ -90.83945705328189, 48.203802127186087 ], [ -90.83947876103295, 48.203530270906334 ], [ -90.83907939831019, 48.203515493394839 ], [ -90.839101107552111, 48.20324363747239 ], [ -90.838701746685061, 48.203228858896814 ], [ -90.838723457417785, 48.20295700333164 ], [ -90.837924739577673, 48.20292744291072 ], [ -90.837946453474444, 48.202655587780363 ], [ -90.837547096501439, 48.202640805935076 ], [ -90.837147739710872, 48.202626022948252 ], [ -90.836349026677411, 48.202596453549745 ], [ -90.835949670434474, 48.202581667138134 ], [ -90.835971392514963, 48.202309812675182 ], [ -90.835572038127822, 48.202295025199561 ], [ -90.835593761698973, 48.202023171093892 ], [ -90.835637208293548, 48.201479463721846 ], [ -90.835658931316971, 48.20120761045542 ], [ -90.835680654157841, 48.200935757468663 ], [ -90.835789265623717, 48.199576496730536 ], [ -90.836188603279297, 48.199591283430806 ], [ -90.836210323351722, 48.199319432044639 ], [ -90.836232043241608, 48.199047580938135 ], [ -90.836253762948957, 48.198775730111258 ], [ -90.836653095767872, 48.198790515437459 ], [ -90.83676168320163, 48.197431265109515 ], [ -90.836362358747763, 48.197416480170951 ], [ -90.836405795789616, 48.196872782151885 ], [ -90.836006474864206, 48.196857996226839 ], [ -90.836028194784305, 48.196586147714221 ], [ -90.835628875714363, 48.196571360725201 ], [ -90.83565059712484, 48.196299512569567 ], [ -90.835672318352792, 48.19602766469346 ], [ -90.835273002811277, 48.1960128767181 ], [ -90.835294725529579, 48.195741029199091 ], [ -90.834895411843434, 48.195726240159814 ], [ -90.83491713605207, 48.195454392997796 ], [ -90.834118512573255, 48.195424811650099 ], [ -90.833719201107783, 48.195410019264173 ], [ -90.833697471880541, 48.195681866193624 ], [ -90.833298158924748, 48.195667072588684 ], [ -90.833276427842009, 48.195938919720071 ], [ -90.832877113395966, 48.195924124896159 ], [ -90.832855380457715, 48.196195972229447 ], [ -90.8328119140333, 48.196739667734604 ], [ -90.832790180547121, 48.197011515906496 ], [ -90.833189501684842, 48.197026311040659 ], [ -90.83316776968897, 48.197298159569655 ], [ -90.832768446878319, 48.197283364357915 ], [ -90.832703244775985, 48.1980989113896 ], [ -90.832303917129096, 48.19808411480367 ], [ -90.832282181056684, 48.198355964295843 ], [ -90.831882851919403, 48.198341166490906 ], [ -90.831483522964831, 48.198326367544453 ], [ -90.831461783363693, 48.198598217161084 ], [ -90.831062452918815, 48.198583416995589 ], [ -90.831040711461966, 48.198855266814149 ], [ -90.83064137952681, 48.198840465429605 ], [ -90.830242047774348, 48.198825662903552 ], [ -90.830220302788717, 48.199097512846535 ], [ -90.829820969545963, 48.199082709101454 ], [ -90.829421636485961, 48.199067904214836 ], [ -90.829399887971505, 48.199339754282185 ], [ -90.829000553421281, 48.199324948176432 ], [ -90.828978803051001, 48.199596798445768 ], [ -90.828579467010485, 48.19958199112093 ], [ -90.82855771478431, 48.199853841592265 ], [ -90.828535962375341, 48.200125692343356 ], [ -90.828514209783577, 48.200397543374017 ], [ -90.828114868906638, 48.20038273467474 ], [ -90.828093114458923, 48.200654585907401 ], [ -90.827693772091763, 48.20063977598894 ], [ -90.82767201578811, 48.200911627423721 ], [ -90.827272671930629, 48.200896816286068 ], [ -90.826873328255985, 48.200882004006921 ], [ -90.826473984764235, 48.200867190586287 ], [ -90.826452223258357, 48.201139042067702 ], [ -90.826052878276428, 48.201124227427854 ], [ -90.826031114914528, 48.201396079111298 ], [ -90.826009351369706, 48.201667931074425 ], [ -90.825610003224355, 48.201653115137653 ], [ -90.825588237823482, 48.201924967302894 ], [ -90.825188888187881, 48.201910150146865 ], [ -90.824789538735217, 48.201895331849315 ], [ -90.824390189465575, 48.201880512410234 ], [ -90.823990840378826, 48.201865691829681 ], [ -90.823591491475085, 48.201850870107499 ], [ -90.823613265241733, 48.201579018330882 ], [ -90.82321391819417, 48.201564195544911 ], [ -90.823235693450968, 48.201292344125712 ], [ -90.822836348259514, 48.201277520275973 ], [ -90.822437003251054, 48.20126269528469 ], [ -90.822037658425643, 48.201247869151921 ], [ -90.821638313783325, 48.201233041877629 ], [ -90.82161653183401, 48.201504892985838 ], [ -90.820817839752237, 48.201475234857128 ], [ -90.820019148402878, 48.201445572162342 ], [ -90.819975570569952, 48.201989274595874 ], [ -90.819576221823638, 48.201974441380663 ], [ -90.819176873260488, 48.201959607023888 ], [ -90.819198665614792, 48.201687755822796 ], [ -90.818399972384256, 48.201658083840293 ], [ -90.818000626043727, 48.201643246136776 ], [ -90.817601279886389, 48.2016284072917 ], [ -90.817201933912301, 48.201613567305053 ], [ -90.817180133192338, 48.201885418117136 ], [ -90.816780785728298, 48.201870576911176 ], [ -90.816381438447493, 48.201855734563729 ], [ -90.816359634198037, 48.202127585499817 ], [ -90.815960285427394, 48.202112741933007 ], [ -90.81587305990432, 48.203200148163404 ], [ -90.815473704624225, 48.203185303143599 ], [ -90.815451896112066, 48.203457155322774 ], [ -90.815052539342076, 48.203442309083655 ], [ -90.814653182755393, 48.203427461702987 ], [ -90.814253826352072, 48.203412613180717 ], [ -90.814232012636978, 48.203684465406084 ], [ -90.813832654743749, 48.203669615664424 ], [ -90.813433297033839, 48.203654764781213 ], [ -90.813033939507307, 48.203639912756401 ], [ -90.812634582164222, 48.203625059590117 ], [ -90.812612761572922, 48.203896911783659 ], [ -90.812213402739957, 48.203882057397919 ], [ -90.8114146856243, 48.203852345201639 ], [ -90.811015327341593, 48.203837487391176 ], [ -90.81099349987403, 48.204109339552886 ], [ -90.81019478051256, 48.204079620351429 ], [ -90.809396061885067, 48.204049896583733 ], [ -90.809374227541142, 48.204321748713525 ], [ -90.808575506301196, 48.204292020223726 ], [ -90.80855366842728, 48.204563872477429 ], [ -90.807754944575066, 48.20453413926537 ], [ -90.807733103171145, 48.204805991642964 ], [ -90.806934376706749, 48.204776253708701 ], [ -90.806912531772724, 48.205048106210192 ], [ -90.80651316714264, 48.205033235452682 ], [ -90.806491320351768, 48.205305088155967 ], [ -90.806091954232045, 48.205290216178959 ], [ -90.805982709156837, 48.206649483503021 ], [ -90.806382083643072, 48.206664355870082 ], [ -90.806360235750461, 48.206936210252451 ], [ -90.806759612093671, 48.206951081555857 ], [ -90.806715919104278, 48.207494791316442 ], [ -90.807115298977806, 48.207509661634226 ], [ -90.807093453881066, 48.207781517012329 ], [ -90.80749283561164, 48.207796386266445 ], [ -90.807470992004696, 48.208068242002518 ], [ -90.807870375592287, 48.208083110192959 ], [ -90.807848533475166, 48.208354966286954 ], [ -90.808247918919704, 48.208369833413727 ], [ -90.80820423748159, 48.208913546597515 ], [ -90.809003015615289, 48.208943277738001 ], [ -90.809402404957467, 48.20895814159578 ], [ -90.809380568983471, 48.209229998841522 ], [ -90.810179351565338, 48.209259723287936 ], [ -90.810135685760699, 48.209803438931289 ], [ -90.810535080673944, 48.209818299597835 ], [ -90.810513249169873, 48.210090157917485 ], [ -90.810912645940135, 48.210105017520327 ], [ -90.810847155347588, 48.210920594393315 ], [ -90.811246557321965, 48.21093545308824 ], [ -90.81120289935663, 48.211479172559763 ], [ -90.811602304861708, 48.211494030268852 ], [ -90.811536821558434, 48.212309611810603 ], [ -90.811936232267897, 48.212324468611769 ], [ -90.811914405806831, 48.212596329763848 ], [ -90.811892579162318, 48.212868191195966 ], [ -90.811870752334329, 48.213140052908301 ], [ -90.812270168248219, 48.213154908801549 ], [ -90.812248342910436, 48.213426770872026 ], [ -90.812647760681571, 48.2134416257014 ], [ -90.812625936834053, 48.213713488129912 ], [ -90.813025356462333, 48.213728341895482 ], [ -90.813003534105121, 48.21400020468203 ], [ -90.813402955590576, 48.214015057383719 ], [ -90.813381134723656, 48.214286920528458 ], [ -90.813359313673331, 48.214558783953358 ], [ -90.813337492439558, 48.214830647658466 ], [ -90.813736919129695, 48.214845499452117 ], [ -90.813693279459486, 48.215389227858886 ], [ -90.814092709680693, 48.215404078666516 ], [ -90.814070891244285, 48.215675943368197 ], [ -90.814049072624456, 48.215947808350066 ], [ -90.814448506376749, 48.215962658171783 ], [ -90.814426689247384, 48.216234523511865 ], [ -90.814826124856921, 48.216249372269601 ], [ -90.814782493395725, 48.216793103946415 ], [ -90.815181932536376, 48.21680795171816 ], [ -90.815160118204588, 48.217079818054835 ], [ -90.815559559202569, 48.217094664762648 ], [ -90.815515933336727, 48.217638398432889 ], [ -90.815915377865934, 48.217653244154576 ], [ -90.816314822578434, 48.217668088734406 ], [ -90.816293012718361, 48.217939956145834 ], [ -90.81669245928822, 48.217954799661676 ], [ -90.816627033629857, 48.218770403811689 ], [ -90.817026485405009, 48.218785246419266 ], [ -90.816982870730783, 48.21932898407691 ], [ -90.817382326037304, 48.219343825698402 ], [ -90.817360520099243, 48.219615695025716 ], [ -90.817338713977875, 48.219887564633467 ], [ -90.817295101185152, 48.220431304690166 ], [ -90.817694563371191, 48.220446145481233 ], [ -90.817607342282386, 48.221533629271718 ], [ -90.818006811348283, 48.221548469232282 ], [ -90.817919594023081, 48.222635957822227 ], [ -90.818319069969021, 48.222650796952351 ], [ -90.818297266853662, 48.222922669878983 ], [ -90.818275463554997, 48.223194543086194 ], [ -90.818231856407749, 48.223738290342325 ], [ -90.818210052559166, 48.224010164391203 ], [ -90.81816644431207, 48.224553913330844 ], [ -90.818144639913541, 48.224825788221601 ], [ -90.81854412943693, 48.224840626832744 ], [ -90.818522326529433, 48.225112502081977 ], [ -90.818478720164478, 48.225656253422372 ], [ -90.818413309242217, 48.226471882537943 ], [ -90.818812808995091, 48.226486720474242 ], [ -90.818791006662124, 48.22675859748535 ], [ -90.818747401446274, 48.227302352349653 ], [ -90.819146906405791, 48.227317189377587 ], [ -90.819125105197358, 48.227589067308699 ], [ -90.819524612014646, 48.227603903272417 ], [ -90.819481012396849, 48.228147660132649 ], [ -90.819880522746345, 48.228162495109956 ], [ -90.819858724337024, 48.228434374039054 ], [ -90.820258236544362, 48.228449207952195 ], [ -90.820236439626285, 48.228721087239911 ], [ -90.820635953691408, 48.228735920088809 ], [ -90.820614158264618, 48.229007799735214 ], [ -90.82101367418754, 48.229022631519776 ], [ -90.820991880252038, 48.229294511524799 ], [ -90.8209700861333, 48.229566391810643 ], [ -90.821769125227092, 48.229596052264782 ], [ -90.821725543138271, 48.230139813990334 ], [ -90.822125066309212, 48.23015464265994 ], [ -90.822103276664592, 48.230426524021787 ], [ -90.822902326905293, 48.230456178090101 ], [ -90.822880540426738, 48.230728059888548 ], [ -90.823679594749521, 48.23075770954388 ], [ -90.823614244262743, 48.231573357091264 ], [ -90.82321471198577, 48.231558532601213 ], [ -90.823192926449138, 48.231830415600953 ], [ -90.823127568740219, 48.232646066285689 ], [ -90.822328491338041, 48.232616413256309 ], [ -90.822306701719199, 48.232888297224093 ], [ -90.821108081965889, 48.232843808879878 ], [ -90.821129876608978, 48.232571925145642 ], [ -90.820730338732488, 48.232557093491003 ], [ -90.820330801039219, 48.232542260694188 ], [ -90.820352598848515, 48.232270377396659 ], [ -90.819953063013244, 48.23225554353553 ], [ -90.819553527361279, 48.232240708532174 ], [ -90.819575328336711, 48.231968825671331 ], [ -90.819175794542801, 48.231953989603682 ], [ -90.819197597009619, 48.231682107101584 ], [ -90.818798065073679, 48.231667269969641 ], [ -90.818819869031842, 48.231395387826339 ], [ -90.81884167280667, 48.231123505963993 ], [ -90.818442144403406, 48.231108667845653 ], [ -90.81846394966955, 48.23083678634201 ], [ -90.818064423124312, 48.23082194715942 ], [ -90.817664896762381, 48.230807106834654 ], [ -90.817643088146951, 48.231078988182453 ], [ -90.817621279348145, 48.231350869811131 ], [ -90.817599470365963, 48.231622751720721 ], [ -90.817999001751858, 48.231637592279192 ], [ -90.81797719426099, 48.231909474547578 ], [ -90.817955386586775, 48.232181357096842 ], [ -90.81835492150536, 48.232196196668923 ], [ -90.818311308956226, 48.232739962766061 ], [ -90.818710847407658, 48.232754801351788 ], [ -90.818689042532796, 48.233026684899613 ], [ -90.8186672374746, 48.233298568728486 ], [ -90.819066779458879, 48.233313406327795 ], [ -90.819044975892098, 48.233585290515471 ], [ -90.819444519734446, 48.233600127050451 ], [ -90.819422717659123, 48.23387201159705 ], [ -90.819822263359612, 48.233886847067723 ], [ -90.81977866200863, 48.234430617159497 ], [ -90.820178211242066, 48.234445451643737 ], [ -90.820156411966423, 48.234717337189039 ], [ -90.820134612507488, 48.234989223015347 ], [ -90.820112812865247, 48.235261109122732 ], [ -90.820091013039686, 48.235532995511129 ], [ -90.82006921303082, 48.235804882180545 ], [ -90.820047412838647, 48.236076769131088 ], [ -90.820003811904357, 48.236620543875333 ], [ -90.8204033747202, 48.236635377840386 ], [ -90.820381575653016, 48.23690726571207 ], [ -90.820359776402526, 48.23717915386478 ], [ -90.819960210236772, 48.237164319743954 ], [ -90.819938409127985, 48.237436208099957 ], [ -90.819916607835893, 48.237708096737059 ], [ -90.820316177351629, 48.237722931013693 ], [ -90.820294377551193, 48.237994820009838 ], [ -90.819894806360452, 48.23797998565535 ], [ -90.819873004701691, 48.238251874854718 ], [ -90.819473432019279, 48.238237039279994 ], [ -90.819451628502151, 48.238508928682656 ], [ -90.81905205432804, 48.238494091887645 ], [ -90.819030248952515, 48.238765981493572 ], [ -90.818630673286791, 48.238751143478304 ], [ -90.818608866052841, 48.239023033287474 ], [ -90.818209288895403, 48.239008194052026 ], [ -90.817809711921342, 48.238993353674154 ], [ -90.817010558523521, 48.23896366949149 ], [ -90.816610982099732, 48.238948825686641 ], [ -90.816589166307097, 48.239220715387304 ], [ -90.815790010659839, 48.239191024194646 ], [ -90.815768191333603, 48.239462914020613 ], [ -90.814969033070099, 48.239433218102654 ], [ -90.814947210210235, 48.239705108053883 ], [ -90.814547629678671, 48.239690258303384 ], [ -90.814525804960198, 48.239962148457749 ], [ -90.814126222937134, 48.239947297486971 ], [ -90.814082569599378, 48.240491078483501 ], [ -90.813682984409596, 48.240476226214341 ], [ -90.813661155790271, 48.240748117056469 ], [ -90.813261569108931, 48.240733263566916 ], [ -90.813239738630898, 48.241005154612296 ], [ -90.812840150458058, 48.240990299902343 ], [ -90.812818318121288, 48.241262191150966 ], [ -90.812019138976012, 48.241232478147957 ], [ -90.811997303105329, 48.241504369521778 ], [ -90.811597712132965, 48.241489511228671 ], [ -90.811575874403488, 48.241761402805686 ], [ -90.811176281939652, 48.241746543292209 ], [ -90.811154442351338, 48.242018435072502 ], [ -90.810355254624213, 48.241988712462138 ], [ -90.80995566103617, 48.24197384944339 ], [ -90.809933816238626, 48.242245741270871 ], [ -90.809534221159154, 48.242230877031631 ], [ -90.809134626263358, 48.242216011650015 ], [ -90.808735031551294, 48.242201145125996 ], [ -90.808335437023032, 48.242186277459574 ], [ -90.807935842678475, 48.242171408650741 ], [ -90.807536248517692, 48.242156538699554 ], [ -90.807136654540713, 48.242141667605907 ], [ -90.806737060747579, 48.242126795369984 ], [ -90.805937873712693, 48.242097047470843 ], [ -90.805538280470998, 48.24208217180761 ], [ -90.805138687413233, 48.242067295002123 ], [ -90.804739094539272, 48.242052417054147 ], [ -90.804339501849228, 48.242037537963824 ], [ -90.803939909343114, 48.242022657731106 ], [ -90.80274113292819, 48.241978010178677 ], [ -90.802341541157844, 48.241963125376451 ], [ -90.802319664348175, 48.242235016000912 ], [ -90.802297787354547, 48.242506906906655 ], [ -90.80269738247523, 48.242521791865229 ], [ -90.802675506972804, 48.242793683130458 ], [ -90.803075103952693, 48.242808567024831 ], [ -90.803053229941497, 48.243080458649523 ], [ -90.803852427803534, 48.243110223167442 ], [ -90.803830556958829, 48.243382115229736 ], [ -90.805029360156922, 48.243426753672878 ], [ -90.805007494154012, 48.24369864625104 ], [ -90.805806700556005, 48.243728399657378 ], [ -90.805784837719713, 48.244000292673171 ], [ -90.806584048207739, 48.24403004166598 ], [ -90.806562188538152, 48.244301935119417 ], [ -90.807361403112026, 48.244331679698711 ], [ -90.807761010674696, 48.244346550274727 ], [ -90.807739155847173, 48.244618444243841 ], [ -90.80813876526895, 48.244633313755486 ], [ -90.808160618421169, 48.244361419708348 ], [ -90.808560226351375, 48.244376287999422 ], [ -90.808959834465398, 48.244391155148108 ], [ -90.809359442763181, 48.244406021154369 ], [ -90.80938129070573, 48.244134127154283 ], [ -90.809780897511899, 48.244148991939973 ], [ -90.810580111675492, 48.2441787180841 ], [ -90.810979719032829, 48.244193579442531 ], [ -90.811379326573814, 48.2442084396585 ], [ -90.811357487007768, 48.244480334048859 ], [ -90.81175709640776, 48.244495193200457 ], [ -90.811691581633625, 48.24531087829417 ], [ -90.811669743008252, 48.245582773888287 ], [ -90.811647904199233, 48.245854669763787 ], [ -90.812447140303732, 48.245884385419913 ], [ -90.812425304661829, 48.246156281733001 ], [ -90.812824924664895, 48.24617113792538 ], [ -90.812846758631409, 48.245899241534239 ], [ -90.813246377142747, 48.245914096506148 ], [ -90.813202712376921, 48.246457889725882 ], [ -90.812803090514763, 48.246443034597945 ], [ -90.812781256181012, 48.246714931551942 ], [ -90.812759421663614, 48.246986828787477 ], [ -90.812737586962584, 48.247258726304523 ], [ -90.812337960257764, 48.247243869799995 ], [ -90.812316123697627, 48.247515767520426 ], [ -90.812294286953858, 48.247787665522388 ], [ -90.812250612915321, 48.24833146237097 ], [ -90.812228775620568, 48.248603361217612 ], [ -90.813427681418531, 48.248647928474291 ], [ -90.813405848966738, 48.248919827836552 ], [ -90.813805486275498, 48.248934681381705 ], [ -90.81420512376792, 48.248949533784298 ], [ -90.814604761443917, 48.248964385044346 ], [ -90.815004399303504, 48.24897923516189 ], [ -90.814982573370372, 48.249251135117824 ], [ -90.815382213089038, 48.249265984170805 ], [ -90.815781852991321, 48.249280832081197 ], [ -90.815760030225775, 48.249552732474719 ], [ -90.815716384144054, 48.250096534106653 ], [ -90.816116029256705, 48.250111381108468 ], [ -90.816050563784444, 48.250927085902532 ], [ -90.81600691921858, 48.251470890506887 ], [ -90.816406572893058, 48.251485736756102 ], [ -90.816362930944436, 48.252029542643129 ], [ -90.816341109694818, 48.252301446009177 ], [ -90.816740768579947, 48.252316291349757 ], [ -90.816718948822555, 48.252588195075532 ], [ -90.816697128881614, 48.252860099083044 ], [ -90.816675308757155, 48.25313200337223 ], [ -90.817074972853149, 48.253146847804253 ], [ -90.817474637132662, 48.253161691093553 ], [ -90.817452820176271, 48.253433595820518 ], [ -90.817852486315019, 48.253448438045126 ], [ -90.817808855203339, 48.253992248500275 ], [ -90.818208524877278, 48.254007089738238 ], [ -90.818143081861109, 48.254822807768377 ], [ -90.818121267155419, 48.255094714342036 ], [ -90.817721590778035, 48.255079872792166 ], [ -90.81769977421294, 48.255351779569651 ], [ -90.816900418656942, 48.255322092885805 ], [ -90.816922238573824, 48.25505018626427 ], [ -90.816122887103745, 48.255020495165681 ], [ -90.816166533090367, 48.254476683080156 ], [ -90.815766860982379, 48.254461835972862 ], [ -90.815367189057952, 48.254446987722886 ], [ -90.81456784575991, 48.254417287794801 ], [ -90.8145023563942, 48.255233005409515 ], [ -90.814902032978992, 48.255247856178983 ], [ -90.814880204499076, 48.255519762692195 ], [ -90.815279882943429, 48.255534612396978 ], [ -90.815258055955809, 48.255806519270095 ], [ -90.815657736259652, 48.255821367910187 ], [ -90.815635910764385, 48.256093275143151 ], [ -90.816035592927733, 48.256108122718594 ], [ -90.815991944738329, 48.256651938186181 ], [ -90.815592259223052, 48.25663709045476 ], [ -90.815570433177015, 48.256908998533262 ], [ -90.815170746169386, 48.2568941495811 ], [ -90.814371372704997, 48.256864448248422 ], [ -90.814393203778934, 48.256592540403972 ], [ -90.812794465757634, 48.256533124338205 ], [ -90.81281630335171, 48.256261217087769 ], [ -90.812416620981509, 48.25624636029265 ], [ -90.812482137689372, 48.255430640466841 ], [ -90.812082460530576, 48.255415782763187 ], [ -90.812257177075963, 48.25324054291864 ], [ -90.811857513507547, 48.253225684696844 ], [ -90.81187935392488, 48.252953781062338 ], [ -90.811479692215883, 48.252938921776 ], [ -90.811523375850911, 48.25239511550825 ], [ -90.811123717677106, 48.252380255235479 ], [ -90.811145560894772, 48.252108352602214 ], [ -90.809946592502939, 48.252063765162326 ], [ -90.809902895829538, 48.252607570241935 ], [ -90.810302555127862, 48.252622434020758 ], [ -90.810258861070906, 48.253166240383464 ], [ -90.81023701376678, 48.253438143987424 ], [ -90.810636678276083, 48.253453006857789 ], [ -90.810614832463997, 48.253724910821582 ], [ -90.811014498832861, 48.25373977262749 ], [ -90.81099265451283, 48.254011676951059 ], [ -90.811392322741241, 48.254026537692347 ], [ -90.811217574973142, 48.256201783050869 ], [ -90.810817893337813, 48.256186921684808 ], [ -90.810796047364065, 48.256458828544794 ], [ -90.809197315956766, 48.256399371341267 ], [ -90.809175463095514, 48.256671278170607 ], [ -90.808775779027243, 48.256656410934859 ], [ -90.808753924306217, 48.256928317967983 ], [ -90.808354238745892, 48.256913449511373 ], [ -90.808332382165091, 48.257185356748245 ], [ -90.807932695112584, 48.257170487070809 ], [ -90.807910836671979, 48.25744239451133 ], [ -90.807888978047487, 48.257714302233886 ], [ -90.807089597790252, 48.25768455913812 ], [ -90.807067735629929, 48.257956466986265 ], [ -90.80666804410113, 48.257941593646109 ], [ -90.80664618008089, 48.258213501698037 ], [ -90.806246487060008, 48.258198627136991 ], [ -90.806224621179837, 48.25847053539264 ], [ -90.806624315876746, 48.258485410031859 ], [ -90.806602451488686, 48.258757318647632 ], [ -90.807002148045527, 48.258772192222267 ], [ -90.807024010757573, 48.258500283528349 ], [ -90.807423705822217, 48.258515155882037 ], [ -90.808223096503312, 48.258544897161244 ], [ -90.808201238819393, 48.258816806089591 ], [ -90.808600936111716, 48.258831675093155 ], [ -90.80857907991998, 48.259103584381734 ], [ -90.808978779072262, 48.259118452320678 ], [ -90.808935069489408, 48.259662271899884 ], [ -90.809734475049794, 48.25969200466205 ], [ -90.809712623334804, 48.259963915030866 ], [ -90.810112328066779, 48.259978779775871 ], [ -90.810090477844099, 48.260250690504868 ], [ -90.810490184436063, 48.260265554185246 ], [ -90.810424637693643, 48.261081288298627 ], [ -90.810824349497835, 48.261096151070532 ], [ -90.810802501892297, 48.261368063083928 ], [ -90.811202215556449, 48.261382924791079 ], [ -90.811114830001273, 48.262470575977645 ], [ -90.811514550554037, 48.262485436854483 ], [ -90.811492705382065, 48.26275735043442 ], [ -90.811892427794902, 48.262772210246553 ], [ -90.811848740252188, 48.26331603840908 ], [ -90.81182689620519, 48.263587952913568 ], [ -90.811027441505615, 48.263558231677905 ] ] ] ] } }
]
}
